Distance_km,Prep_Time_min,Courier_Experience_yrs,Weather,Traffic_Level,Vehicle_Type,Delivery_Time_min,Is_Late
5.993428306022466,11.624108625128091,7,,High,Scooter,44.01354199748474,0
4.72347139765763,14.277406646422412,2,Sunny,High,Car,35.52771166740122,0
6.295377076201385,11.037900395000193,9,Rainy,High,Scooter,48.567933500279075,1
8.046059712816051,13.460192351804798,7,Sunny,High,Car,50.45271022962025,1
4.531693250553328,5.531926665231072,7,Rainy,Medium,Bicycle,47.63281703883079,1
4.531726086101639,16.066468536864694,4,Rainy,High,Scooter,68.21000515266432,1
8.158425631014783,15.00602737681112,7,Sunny,Jam,Scooter,76.78275354669091,1
6.534869458305818,10.914556844659046,5,Sunny,Low,Car,19.117816301336173,0
4.061051228130096,18.296228342162024,4,Sunny,Jam,Scooter,57.31656036646055,1
6.085120087171929,19.68785068813279,8,Rainy,Low,Scooter,44.646717306917246,0
4.0731646143750755,6.9622006781551296,6,Sunny,Jam,Bicycle,55.287572596980624,1
4.068540492859486,11.186376107168929,7,Snowy,Low,Car,29.73181809687872,0
5.483924543132068,11.154288251063509,0,Sunny,Low,Car,26.10818091678789,0
1.1734395106844042,10.300484494455677,1,Sunny,Low,Bicycle,24.116615832089614,0
1.5501643349739345,19.147374209658743,7,,Low,Bicycle,33.18391606033372,0
3.8754249415180544,14.030869306135983,8,Sunny,Medium,Car,11.967464688124922,0
2.9743377593311524,13.677425793446947,3,Sunny,Jam,Bicycle,67.43698635778846,1
5.628494665190548,5.0,9,,Low,Bicycle,28.761879799893403,0
3.1839518489575784,,9,Sunny,Jam,Bicycle,81.43817141286127,1
2.175392597329417,8.803708025732638,8,Sunny,High,Car,14.428038251503962,0
7.931297537843108,15.299663151331641,3,Sunny,Low,Bicycle,58.25796226967339,1
4.548447399026928,16.386884689790957,9,Rainy,Jam,Scooter,76.36500084351094,1
5.1350564093758475,21.803292979193255,9,Sunny,Medium,Scooter,39.34994364013152,0
2.1505036275730864,8.455898004404439,9,Sunny,Jam,Car,25.116392652489118,0
3.9112345509496347,5.0,8,Snowy,Low,Bicycle,34.00145788123425,0
5.2218451794197325,15.919247723768475,6,Sunny,High,Scooter,45.16046905461701,1
2.6980128451553944,24.002555907554267,1,Rainy,Jam,Car,58.32346409034581,1
5.751396036691344,21.19473176469719,8,Sunny,High,Scooter,47.95394338802921,1
3.79872262016239,16.048297076373128,3,Sunny,Medium,Bicycle,42.194207808050294,0
4.416612500413446,12.541819071839763,7,Foggy,Jam,Car,52.05363977184353,1
3.796586775541206,19.035612983186553,6,Sunny,Jam,Scooter,64.20907278610284,1
8.704556369017876,10.132269001477656,6,Rainy,Medium,Car,46.16634831181111,1
4.973005550524132,17.381788846781095,7,Sunny,Medium,Scooter,39.50245749454853,0
2.8845781420881993,17.527350795833133,0,,Medium,Scooter,44.083756228101805,0
6.645089824206378,20.3010495374944,4,Snowy,Low,Bicycle,89.23118489010704,1
2.5583127000579555,28.798300194555388,1,Sunny,Low,Bicycle,57.07974094625227,1
5.4177271900095105,16.962079835893835,1,Snowy,Jam,Scooter,100.37550281192628,1
1.0806597522404489,12.455181871462507,0,Sunny,Jam,Car,26.915601101639698,0
2.343627902203139,14.872128439040027,4,Rainy,Jam,Car,50.069493537578616,1
5.393722471738247,6.15462047555441,1,Sunny,High,Bicycle,56.988679803239236,1
6.476933159990821,11.526434344554708,3,Snowy,Medium,Scooter,56.58676575152739,1
5.342736562379941,12.953587809434481,2,Sunny,Jam,Bicycle,87.03524808991622,1
4.768703435223519,12.379558010327038,2,Sunny,Medium,Scooter,26.635549073349708,0
4.3977926088214225,15.76177436016861,1,Snowy,Low,Scooter,50.01210402627236,1
2.0429560192651453,10.887900338088997,5,Rainy,Medium,Bicycle,30.283995391374848,0
3.5603115832105825,20.605153336622358,1,Sunny,High,Car,32.26732087086492,0
4.078722458080425,15.001035324590985,7,Sunny,High,Bicycle,59.64100951396014,1
7.114244452437831,14.953498394306928,7,,Medium,Scooter,35.6516771463709,0
5.687236579136923,13.36052641743541,4,,High,Bicycle,71.89552636264114,1
1.473919689274532,15.775953419294895,9,Sunny,High,Car,13.742452356166497,0
5.64816793878959,19.125491323338174,6,Rainy,Low,Car,43.07310680237785,0
4.229835439167367,10.664348921445498,3,Sunny,Jam,Scooter,49.3126201515847,1
3.6461559993880828,11.709417554623716,0,Rainy,High,Bicycle,66.83514506244433,1
6.2233525776817356,13.481369856116677,1,Snowy,Jam,Car,73.88191062248583,1
7.061999044991902,8.270645382633926,9,Sunny,Medium,Bicycle,39.90544093010099,0
6.862560238232398,10.903710701392512,9,Sunny,Medium,Car,29.954585724015363,0
3.3215649535547227,12.618895632276704,3,,High,Scooter,31.21142573748407,0
4.381575248297571,19.37194590356364,0,Sunny,Medium,Scooter,42.65665740266264,0
5.662526862807128,16.312806645009626,7,Rainy,Low,Bicycle,61.09467364653428,1
6.951090254244718,15.967949556837722,8,Sunny,High,Scooter,50.455927318096144,1
4.04165152430942,19.25448981083986,3,Rainy,High,Car,40.215538695252434,0
4.628682046672366,14.313141058003017,9,Sunny,High,Scooter,41.910942355893255,0
2.7873300519879436,16.952324249644448,2,Sunny,Medium,Car,22.48618508852781,0
2.6075867518386584,14.483891235337518,1,Sunny,Medium,Car,21.064794355745175,0
6.625051644788396,,4,Sunny,High,Scooter,46.954054806499244,1
7.712480057141645,12.08620671194209,2,Sunny,Jam,Car,53.29156319497424,1
4.855979756839332,5.0,9,Sunny,Medium,Car,23.5244330104926,0
7.007065795784048,14.328604189068479,6,Snowy,Medium,Bicycle,96.42190273111014,1
5.723272050095268,22.113740680499703,5,Rainy,High,Bicycle,116.46438160681828,1
3.7097604907897512,19.631077011207964,0,Sunny,Jam,Bicycle,91.1985223602348,1
5.722791211016828,19.826987422955852,7,Sunny,High,Scooter,43.30342935418053,0
8.076073132931938,21.18065360903109,1,Sunny,Medium,Bicycle,91.74619519327746,1
4.928347921780097,15.443287954807188,4,Sunny,High,Car,40.012856026911656,0
8.129287311628012,15.986578537027977,8,Sunny,High,Scooter,57.24560670825299,1
0.5,11.91174052282825,7,Sunny,High,Scooter,14.821945672756984,0
6.643805008750448,13.41963571986475,1,Sunny,Jam,Scooter,55.979320227544115,1
5.174094136476342,18.07885574885571,8,Sunny,High,Scooter,52.10950089881072,1
4.401985299068265,21.019422185844082,4,Sunny,Medium,Car,28.853481721188338,0
5.183521553071005,14.302768621595002,9,Sunny,High,Car,37.63924574497787,0
1.0248621707982144,,5,Rainy,Jam,Bicycle,63.0663665393544,1
4.560656224324976,15.002639794282986,2,Sunny,Low,Scooter,29.35539657662369,0
5.7142251430234925,18.006033744645574,2,,Jam,Bicycle,106.79599522280759,1
7.955788089483033,7.780725919332291,9,Sunny,High,Car,44.00607780736292,0
3.9634595634527052,5.0,7,Snowy,Low,Scooter,17.873490976372313,0
3.3830127942136246,12.247315752542082,9,Snowy,High,Car,40.66729413787979,0
3.996485912830927,8.896437870429207,9,Rainy,Jam,Bicycle,75.82946585139658,1
6.830804235404148,12.459299011763445,1,Sunny,Low,Car,19.299681072708275,0
5.657502219319369,14.261098405912643,1,Sunny,Low,Scooter,32.16527171320579,0
3.9404795924659224,12.733757954884933,4,Rainy,High,Scooter,52.138886610574694,1
6.026534866226712,22.262337672353727,5,Sunny,High,Bicycle,95.15104090321215,1
5.194155098696081,16.6337238230116,1,Sunny,Jam,Scooter,73.21976428467833,1
6.937289981065779,16.502371798054142,4,Snowy,High,Car,63.01360302473172,1
3.5958938122452953,18.11103572021701,6,Sunny,Low,Car,30.574009587524763,0
4.3446757068044635,9.305834411096154,9,Sunny,Medium,Car,20.01509259907598,0
4.215783693735685,20.195558937101342,9,Sunny,Medium,Car,38.18492551618347,0
2.072970103735763,14.621178567322701,7,Sunny,Jam,Bicycle,57.04635458961284,1
5.592240554129152,,6,Sunny,High,Car,40.716442274169026,0
5.522110544359778,9.640713834799222,7,Rainy,Jam,Bicycle,92.63111444359191,1
5.010226913284922,7.231206169919679,8,Rainy,Medium,Car,30.441006181769165,0
4.530825733249706,19.089448290125144,4,Sunny,Medium,Bicycle,59.39984623443241,1
2.1692585158991715,16.882047630487584,4,,High,Car,38.726802081654874,0
4.158709354469282,10.489742228212448,9,Sunny,Low,Car,10.0,0
4.314570966946461,10.651684593626527,3,Sunny,High,Bicycle,53.665870534165265,1
3.395445461556762,20.627173922073847,8,Rainy,Medium,Scooter,46.714927913244516,1
4.677428576667982,9.05294053566336,4,Rainy,Low,Scooter,23.076036586738667,0
5.8081017136290765,23.213364766279817,1,Rainy,Jam,Scooter,99.21879969177951,1
8.77237180242106,10.496896326760655,9,Snowy,Medium,Bicycle,98.17717257759558,1
5.349155625663678,18.191959628041914,7,Rainy,Jam,Scooter,94.8044774047101,1
5.515100781445529,13.356907621255077,6,Snowy,Low,Scooter,39.37836395384717,0
4.851108168467666,18.015937155411716,7,Sunny,Jam,Bicycle,89.80959031882948,1
1.162457569401917,,2,Rainy,Medium,Scooter,25.090504527063167,0
4.946972249101567,,3,Foggy,High,Scooter,53.92477931473817,1
5.120460419882053,15.204595876978606,4,Rainy,Jam,Scooter,75.65009007576234,1
9.926484224970572,9.989062721092637,5,Sunny,Medium,Bicycle,79.2087831302676,1
4.615278070437755,18.704121727100627,0,Sunny,Medium,Bicycle,63.098346299853404,1
5.603094684667225,12.433932167642073,3,Sunny,Low,Scooter,25.83686269148541,0
4.9305764605895135,13.857000423299906,9,Sunny,Medium,Scooter,21.916060904691115,0
2.662643924760936,10.028253126957438,4,Foggy,High,Bicycle,53.24080817242302,1
7.285645629030041,5.0,6,Sunny,High,Scooter,43.24506151171055,0
6.503866065373549,14.044861186999155,4,Sunny,Jam,Bicycle,97.15561379955057,1
6.582063894086094,27.06307710806458,0,,Jam,Scooter,114.09512238483758,1
3.181225090410522,18.92302143949012,6,Sunny,Jam,Bicycle,81.64774064475252,1
7.805588621872198,14.903698101328027,7,Sunny,Jam,Car,66.54701098736737,1
2.1962978744154382,13.685545853958661,6,Sunny,High,Car,18.63751245425216,0
6.173714187600541,15.112329464060231,3,Rainy,Low,Bicycle,58.24767485199638,1
9.380911251619956,17.73559557587605,7,Sunny,Jam,Car,81.30017828589784,1
3.0189273497386235,9.095935923455777,4,Foggy,Low,Scooter,24.47133578475396,0
3.867404540794456,20.571608473344362,9,Sunny,Medium,Bicycle,50.95891964420188,1
5.199302730175282,18.57690657720622,8,Sunny,Medium,Bicycle,53.76906120211259,1
3.9930486917676014,18.59092862853967,9,Sunny,Jam,Scooter,62.377981668408445,1
1.8986731378677346,17.192378694048635,4,Rainy,Medium,Scooter,30.129588451360974,0
5.137125949612055,15.09808328846995,0,Sunny,Low,Bicycle,46.04124798588799,1
2.8753925725477902,,8,Sunny,Low,Scooter,22.6334090056142,0
5.9471848612703635,17.95907066870689,4,Sunny,Medium,Bicycle,55.106595727772756,1
3.1611515315323935,13.22979644529488,5,Snowy,Jam,Scooter,66.60032445506953,1
8.09986881003508,12.131991135515495,3,Sunny,Low,Bicycle,53.6194311154519,1
3.4334934153275256,,5,Rainy,Low,Scooter,32.853646629488296,0
4.355876967588649,22.74510075747594,7,Snowy,High,Scooter,77.86980058381066,1
6.62703443473934,8.804464621730496,2,Sunny,Jam,Car,60.16503659673626,1
2.5382713671320896,7.6623736712378,4,Sunny,High,Car,23.97427901649312,0
5.4549198692082586,15.823804206182583,1,Sunny,Medium,Car,33.685168389654585,0
7.614285508564857,15.25443850928009,1,Sunny,Medium,Scooter,45.867949461217286,1
1.785033530877545,15.866708321852041,6,Sunny,High,Bicycle,53.56716609634447,1
5.369267717064608,,9,Sunny,Jam,Scooter,64.47057721149889,1
5.519765588496847,13.883988726825974,9,Sunny,Low,Car,16.145076930766308,0
6.563645743554621,,9,Sunny,Medium,Scooter,50.813046422444614,1
2.526098578243836,6.995480107617421,5,Sunny,Jam,Car,29.36385089283383,0
2.3590867738314474,10.857514876098769,3,Sunny,Jam,Car,38.153789726642806,0
6.0438831312337955,14.483726199254763,4,Rainy,Medium,Bicycle,72.31252047947994,1
5.5939693464663724,6.784055944229163,0,Foggy,Medium,Bicycle,48.530229727292244,1
5.5009857006917535,14.120727977839644,6,Snowy,Jam,Car,73.13745350373871,1
5.692896418993952,23.30735082864009,7,Sunny,Low,Car,33.58035259702799,0
3.6399505568430186,15.104432441479808,8,Sunny,High,Scooter,38.70076408029179,0
5.464507394322007,16.153504528593416,7,Sunny,Medium,Car,28.30301427401925,0
5.586144946597362,8.699176174137099,4,Sunny,High,Scooter,35.47734003254798,0
3.571297163947264,11.918192959802614,2,Sunny,Jam,Car,28.563879656798832,0
8.731549022289514,13.124018098380315,9,Rainy,High,Bicycle,118.05434086036617,1
5.947665841823575,13.41142451621883,8,Sunny,Low,Bicycle,35.05675120503385,0
2.617393005594703,21.408218975018844,5,Sunny,Jam,Car,50.87219922653723,1
6.313107217267659,17.78845530362562,4,Foggy,Low,Scooter,43.26460651337605,0
3.050636659545357,9.44271021531484,2,Sunny,Jam,Scooter,36.4182802305598,0
6.574169207484904,16.232523892160025,5,Sunny,Low,Scooter,33.79901590631319,0
7.317191158014808,17.491108742483924,2,Sunny,Jam,Car,63.360214822475726,1
3.358635363296579,20.700745192606334,9,Sunny,Low,Car,20.943127107624075,0
6.926752258488643,22.902703432841868,5,Rainy,Jam,Bicycle,172.70829807366127,1
5.825561853872997,9.924529040860657,3,Sunny,Low,Bicycle,45.92759940590265,1
6.64412031998898,10.94571244394831,1,Sunny,Jam,Car,51.74090449801615,1
8.793585965307894,8.71211070542692,7,Rainy,Low,Bicycle,57.128996120249106,1
4.509223767994259,13.829900704465093,3,Snowy,Medium,Scooter,43.85026035872093,0
3.492527671285021,17.331791872231673,8,Foggy,High,Scooter,55.32036026922053,1
3.2209711407489534,19.93667258294551,6,Snowy,Jam,Car,71.54718460377173,1
3.3683794300691234,14.620244881787386,1,Sunny,Low,Scooter,23.739364820695858,0
4.845796581171792,13.40076238372578,3,Sunny,Medium,Car,35.082250456465786,0
5.682303949633288,15.758789961243702,4,Sunny,Jam,Scooter,60.97692359360159,1
5.553381598660038,10.824285491849885,2,Sunny,Jam,Car,46.54492035834242,1
6.654366498072047,25.447693608473866,8,Rainy,Jam,Scooter,118.04055352077557,1
5.026003783755814,6.961694864409706,4,Snowy,High,Scooter,56.14837332292112,1
7.907068154314634,15.923702894478623,1,Sunny,Low,Bicycle,55.739601712658896,1
4.470686333524088,,2,Sunny,Low,Bicycle,63.7556113656866,1
10.440338333179238,15.03399922279999,8,Sunny,Jam,Bicycle,133.65739911769148,1
6.251334695530012,14.049804824992528,6,Foggy,Jam,Bicycle,110.66406855437253,1
3.285684887167435,13.212772885947864,1,Sunny,Jam,Bicycle,69.9572647938883,1
2.8582150038777754,14.098041591187961,8,Snowy,Medium,Bicycle,51.42841353877448,1
5.96494483048637,21.864242373382652,3,Snowy,Jam,Car,105.82402008049667,1
4.553074429348298,5.0,8,Foggy,High,Car,41.30444974393582,0
6.428000988184184,22.667168506481627,1,Rainy,Low,Bicycle,86.83278844478512,1
5.94647524914709,7.880214237749275,9,Rainy,High,Car,39.11040402563636,0
4.854342174686255,13.666738353827926,3,Sunny,Jam,Bicycle,88.45030417203223,1
3.30641256386319,,4,Sunny,Medium,Car,17.390695820055324,0
1.9703055506282707,17.9427663488536,1,,Jam,Scooter,43.38899282146597,0
4.106970095865957,7.009378240581262,9,Sunny,Jam,Car,29.135483933538964,0
6.712797588646945,17.310863330409713,0,Foggy,Jam,Car,79.53173487474156,1
5.4281874882604075,25.121548116434262,6,Sunny,Jam,Car,63.408240526890445,1
2.508522442576024,8.184129977035948,9,Snowy,Jam,Scooter,41.0967044537399,0
5.346361851702364,15.948530838051978,0,Sunny,Low,Bicycle,47.25848100480834,1
5.770634759457674,11.690089111016954,7,Sunny,High,Car,42.49249301318793,0
3.2322851275977342,17.12943603096518,2,Foggy,Medium,Car,26.527548897840468,0
5.307450211891056,15.09573888707876,9,Sunny,Jam,Scooter,50.605936342575994,1
5.116417436892,11.792565454778451,5,Sunny,Medium,Bicycle,47.23381669084085,1
2.714059404338754,17.43936142435537,6,Sunny,Low,Car,25.266137894524,0
5.715574720696567,24.021740548933714,9,Rainy,High,Scooter,78.53647125669823,1
6.121569052736469,14.045481041363507,0,Sunny,Jam,Bicycle,98.74394906583362,1
7.166102486350554,18.59878971074091,5,Sunny,Low,Bicycle,56.20260560468121,1
7.1076041040698055,8.533635210644182,6,Sunny,Low,Car,26.65419846658533,0
2.244661264085818,10.217818115909957,5,Rainy,High,Car,30.723738173498827,0
3.124349920169754,17.362031389401885,3,Rainy,Jam,Car,58.38331134007334,1
6.0300705344173195,22.420580142679825,0,Sunny,High,Car,48.731122553697816,1
6.027571901824418,,8,Sunny,High,Scooter,43.580563197338286,0
6.030095372612096,13.434709847384228,3,Snowy,Medium,Scooter,59.63866412763526,1
12.705462981309442,14.99645702711677,6,Sunny,Medium,Car,45.36579873993586,1
6.141781021386334,8.747961330151412,6,,High,Bicycle,66.525230763684,1
7.271131280361198,18.022576631776833,1,Sunny,Medium,Car,39.2861563518676,0
6.908003526986405,19.411665311617046,0,Snowy,Low,Bicycle,91.85293040981777,1
6.302782502611596,12.739548335834598,7,Sunny,High,Bicycle,71.21631593814158,1
4.369461510719309,12.649789261202493,7,Sunny,Jam,Bicycle,70.35609280493584,1
6.517938440986535,16.329391148260243,6,Rainy,Jam,Scooter,87.99684761189538,1
3.4543495709248564,12.816401319797023,7,Rainy,Low,Bicycle,42.35977757324249,0
4.526362786519982,14.669336926870887,2,Sunny,Jam,Bicycle,79.47667176321447,1
4.029272904341793,25.49860894583258,1,Sunny,Jam,Scooter,69.33464650105304,1
5.163748278772645,13.764871496270016,6,Rainy,High,Bicycle,77.68522904942104,1
9.629317133347017,13.20829923989389,7,Foggy,Low,Bicycle,78.31898258233396,1
1.2654696148165039,11.762290971824203,0,Rainy,High,Car,28.688353118302366,0
6.372520380749027,18.720959857499682,9,Sunny,Low,Bicycle,48.2919462052384,1
1.7745682576206967,14.093879133909486,8,Sunny,High,Bicycle,44.05336107140653,0
4.056136268421133,11.75313480839287,3,Snowy,High,Bicycle,75.5464334619255,1
7.177901193934732,21.60652016136506,3,Snowy,Medium,Bicycle,105.22654309826996,1
5.128560038190925,22.098015022568184,2,Sunny,Jam,Bicycle,114.93513036722463,1
2.8445104441413878,11.997882171306475,5,Sunny,Low,Scooter,26.26256826278017,0
3.5693925814800638,5.6673002431969195,0,Rainy,Jam,Bicycle,66.65456250937983,1
6.359195497869352,20.03756844918461,5,Sunny,Medium,Bicycle,58.47059413985138,1
3.5392667365657267,11.57685087119998,1,,Low,Scooter,21.576874079793388,0
5.43291717916395,18.953127995813844,8,Sunny,Medium,Scooter,36.92936544120202,0
5.091143679807628,5.149480911440822,1,Sunny,Jam,Bicycle,62.65979666581058,1
3.6967993047883656,19.462986691496546,6,Sunny,High,Bicycle,61.508768978844714,1
9.28788817865065,8.944140353596094,0,Rainy,Medium,Bicycle,84.46287719107474,1
6.267838044636022,18.653820595332622,6,Sunny,Medium,Car,29.45453055896461,0
0.9497148266847857,15.07136533918217,4,Sunny,High,Car,22.76392687359915,0
5.3729086295388555,10.230302903016776,7,Sunny,Jam,Bicycle,68.63260677853734,1
3.676427070463224,12.964818435366098,3,Sunny,Medium,Scooter,29.480042004721597,0
6.704866669592448,18.431592284783505,9,Sunny,Jam,Bicycle,107.3858409356673,1
3.4149585231345987,15.529472265576171,6,,High,Scooter,19.95444904598722,0
4.770527117066202,17.922064902362422,5,Rainy,Low,Scooter,43.372530845125,0
6.0099745579609145,24.882202922577427,4,Sunny,Medium,Scooter,51.964752011814205,1
6.731510388340243,7.178791941444743,3,Sunny,Jam,Bicycle,87.3846795582499,1
2.5994071858884475,23.08606287484312,6,Sunny,High,Bicycle,56.03904743729451,1
4.330997528318103,15.521779687616064,4,Sunny,High,Scooter,37.49941070967365,0
4.050109377678088,10.50607975838436,4,Snowy,Medium,Car,34.54571490281643,0
3.693341534852576,8.348431871305051,0,Sunny,Low,Car,19.95557116394083,0
8.530908480562193,14.054398046114832,1,Foggy,Medium,Car,42.42641519504478,0
5.809963421921911,19.6082505596223,4,Sunny,Jam,Scooter,74.23358143941215,1
2.4782320913299096,14.362254398112329,2,Snowy,High,Bicycle,69.7058239752975,1
6.835723894109552,22.55577465123674,1,Sunny,Low,Scooter,33.287553016131696,0
9.244312394025266,7.744121549742205,3,Rainy,Jam,Car,75.91810544314134,1
7.064930521102294,14.939555260769728,3,Sunny,Medium,Bicycle,66.11370996640719,1
1.9612600680919732,8.738032777934404,3,Sunny,High,Scooter,11.36622911148398,0
4.031531854267497,16.81815941312484,3,Snowy,Medium,Scooter,53.72821815471299,1
7.533822298373245,19.4344369504865,2,Rainy,Low,Car,48.50596401138235,1
3.5846610687624385,12.896191031594734,6,,Low,Scooter,19.38087885215669,0
5.887638856292456,5.0,8,Sunny,Low,Bicycle,21.818387303394815,0
6.5492681068586736,15.994740733982473,4,Sunny,Low,Car,21.590695530840733,0
3.1461390568438343,17.183692758667547,3,Snowy,Low,Car,31.648776880880977,0
4.8809492878764,17.021473774808488,1,Sunny,Medium,Bicycle,50.871078839762916,1
0.5,21.17891095911077,1,Sunny,Low,Car,17.788648616564295,0
2.9512247173314203,9.644731601754756,4,Rainy,Low,Scooter,26.57883826661522,0
4.494863697213679,18.401080527252248,6,Snowy,High,Scooter,67.37765505543025,1
2.504433636070301,20.962537562389876,9,Rainy,Low,Car,26.57413452171147,0
8.26482260786327,6.107062079967417,9,Rainy,High,Bicycle,84.38871108958082,1
2.1397172440787346,16.598259129594886,8,Rainy,High,Scooter,45.950960835395826,1
4.119911026606032,12.479100844961643,6,Sunny,High,Bicycle,59.354225768182765,1
5.2614811545721825,14.59238663449177,4,Sunny,Medium,Scooter,36.561864678717534,0
7.8825465781322315,16.738382417691682,9,Snowy,Medium,Scooter,68.87779746075103,1
2.1282756976411212,12.563857179432238,9,Sunny,Jam,Car,29.99749739362568,0
7.326327504309919,11.62145960419194,9,Foggy,Jam,Car,73.60389326262649,1
5.020466122039174,,5,Sunny,High,Bicycle,67.90362482094082,1
3.036982697904098,9.563770305685987,2,Sunny,Medium,Car,26.33269717854731,0
5.924206948526542,9.570874355574073,4,Foggy,Low,Scooter,28.71676998144905,0
5.39811939114694,18.396866414782515,7,Rainy,Jam,Scooter,79.75933883087345,1
3.799566245682411,9.25602982420672,0,Sunny,Medium,Bicycle,33.833213990428526,0
5.139604169980037,18.33156250454606,0,Rainy,Low,Bicycle,62.99924662448788,1
4.22937280627648,17.312956464269757,6,Rainy,Low,Scooter,44.02403698671043,0
5.227034690502496,6.370966356047017,4,Sunny,Medium,Car,24.969055094177627,0
6.324261349042093,11.612176738321725,4,Sunny,Jam,Car,48.64224836080043,1
8.172033632290704,20.97054701523686,0,Snowy,Medium,Bicycle,126.8560052473577,1
2.524369002346302,10.094172344301592,8,Snowy,Jam,Bicycle,74.85485152557231,1
9.266066749312532,12.677978688453061,0,Sunny,High,Scooter,68.88702686497082,1
1.0958244009549962,17.31030446625948,4,Snowy,Medium,Scooter,33.407493580978816,0
4.6964298099288335,18.91695254641298,9,Snowy,Medium,Bicycle,76.92240705034564,1
6.176634412969153,,8,Sunny,Jam,Scooter,59.61066228486654,1
5.561983735470065,12.012449026541791,3,Rainy,Jam,Bicycle,108.75798924812626,1
3.7546009603588124,22.111849308492538,7,Sunny,Medium,Bicycle,49.86004070148256,1
4.5837554992854495,23.694498318987897,5,Sunny,Low,Car,33.381831825214476,0
4.013998130682334,19.894290253908977,2,Rainy,Low,Bicycle,68.3993492111994,1
3.821270486111577,15.42659071282512,3,Snowy,Low,Scooter,33.22318163812545,0
6.699204194042049,10.958671391795368,1,Rainy,High,Car,57.6561352638602,1
5.714030971930095,10.847777967217173,0,Sunny,High,Car,33.91347542895916,0
3.6141808094786914,17.61257052632879,7,Sunny,Jam,Scooter,53.28663312641336,1
6.799199750866501,17.09199110444342,0,Sunny,High,Scooter,55.585524413572095,1
5.614599041753219,22.007992964732146,0,Sunny,Low,Scooter,38.72823576464718,0
6.62572423767792,18.252250462680696,3,Sunny,Medium,Bicycle,69.4983750762613,1
6.259257683847224,7.48459849120091,9,Sunny,High,Car,25.04541723418154,0
3.3420099781558554,,9,Sunny,High,Bicycle,70.10947859746601,1
3.879637919606061,10.009696863427935,5,Rainy,Low,Bicycle,42.23250449696375,0
6.494587210246523,13.080143640238242,8,Sunny,High,Bicycle,73.44670074139871,1
6.22074053086693,16.251001031258472,0,Sunny,Jam,Bicycle,100.8393381069522,1
4.958196812071704,24.978337448919824,6,Sunny,Medium,Car,33.510822541516255,0
5.234654766617564,30.549592780026806,9,Sunny,Low,Car,42.11669738966598,0
7.55532979157685,,4,Sunny,Jam,Bicycle,114.31006778191538,1
3.8168572223283403,14.08401690639806,7,Sunny,Low,Scooter,22.78111477951029,0
6.094194762340075,17.672528242402752,6,Snowy,Jam,Car,97.01647623611638,1
4.595614695132212,,3,Sunny,Medium,Bicycle,57.67120834105417,1
4.56463759354556,13.396661872214041,3,Rainy,Medium,Scooter,46.61168177359528,1
7.19755370397438,23.97605677956161,5,Foggy,Jam,Scooter,105.50713142059422,1
6.6508326979760595,16.15035379595701,5,Rainy,Jam,Bicycle,131.91403237664707,1
6.627019272001277,17.48871544545697,8,Sunny,Jam,Car,63.64166364571511,1
7.610957614308658,18.329621260272308,4,Foggy,Jam,Scooter,97.78146601624815,1
5.042007683265518,17.10793305307228,7,Sunny,Jam,Car,66.6716439600862,1
6.363905942589928,19.19470250234806,4,,Jam,Car,60.65855545044232,1
4.379466486813088,11.913734067265384,1,Snowy,Medium,Scooter,43.33460482322161,0
5.648332704976884,12.208491230269846,5,Rainy,Jam,Bicycle,107.54428034536335,1
4.739713891264631,,8,Sunny,High,Scooter,30.865132855544147,0
5.193991929985437,17.19750615310113,2,Sunny,Medium,Scooter,37.42136616963709,0
6.190314050873827,18.89468251756057,0,Sunny,Low,Car,28.608250599457666,0
3.3635586335330547,17.28886433075943,0,Sunny,Medium,Bicycle,51.624360464929914,1
9.184774551370921,23.372462166737687,2,Sunny,Low,Car,42.74485216190109,0
2.987965237000596,14.972019905854767,9,Foggy,Low,Scooter,30.950513579647463,0
2.5716227744245357,18.343708277962563,4,Foggy,High,Bicycle,65.1153712068944,1
7.316221747000135,9.54149561930343,2,Snowy,Jam,Bicycle,150.0125892279584,1
6.583325387925871,,8,Sunny,Jam,Bicycle,95.82280298609257,1
6.24823963410431,18.47768878782889,7,Rainy,Medium,Bicycle,89.95710119285735,1
6.25669101852856,19.245510553715718,2,Foggy,Jam,Bicycle,136.43336832159937,1
4.975506454306171,13.53016526167909,8,Snowy,High,Scooter,56.12426840606473,1
3.2054912570283367,14.642003740709665,5,Sunny,Medium,Scooter,25.292568413357948,0
5.151609116387453,7.410631266595953,6,Sunny,Medium,Scooter,17.50470928472155,0
3.6456765769757764,13.214853995966953,3,Sunny,Medium,Car,23.446721134632828,0
6.9502394668355025,19.45191581759893,3,Sunny,Jam,Bicycle,120.26836703497547,1
4.705885236995723,17.87602508053283,1,Rainy,Jam,Bicycle,124.50396906535522,1
3.349005606414977,17.50332860690605,4,,Jam,Scooter,87.30182240413725,1
4.357228316694013,15.2488684359048,7,Sunny,Medium,Bicycle,46.73132693946177,1
5.825862908551248,15.035315793140882,6,Sunny,Medium,Car,21.863659207636044,0
3.8725508943920506,11.698394302632764,6,Sunny,Low,Bicycle,49.69439553351228,1
3.3555592088671373,18.494142101012674,5,Sunny,Low,Bicycle,36.88818688400451,0
5.487374422983825,17.10486472194695,2,Sunny,Jam,Car,62.921624407937465,1
5.4899331422174455,17.460094239963997,4,Rainy,Medium,Scooter,43.40940076469739,0
3.9861136492577405,12.369825786662098,0,Sunny,Jam,Scooter,49.882394336212414,1
4.057923388763355,5.0,6,Rainy,Jam,Bicycle,60.004974608174415,1
5.464099874715273,20.48576355876848,8,Sunny,Low,Car,14.339520809741948,0
2.1038313170053518,12.60581271995798,0,Sunny,High,Scooter,26.961910031248323,0
2.1850724512468895,10.686121179784397,1,Sunny,Jam,Scooter,33.732350275897645,0
3.563111557495128,18.467394559569968,2,Snowy,High,Scooter,63.50821115384371,1
4.573105696576306,13.039936800404352,2,Sunny,High,Bicycle,60.42388799421844,1
5.621815131196009,20.29968192023311,7,,Medium,Car,54.022021231463434,1
7.950712433899104,18.08502974788349,6,Sunny,Medium,Bicycle,72.83264976992817,1
6.7153192464040385,18.417846616002386,5,Snowy,Jam,Scooter,114.04197307391499,1
4.680122940073145,,9,Snowy,Low,Car,24.642088704913956,0
4.961967584194622,21.059719926932004,9,Sunny,Low,Bicycle,48.56455485826341,1
2.9949412707243823,16.30625265616928,3,,Jam,Scooter,59.788531266212274,1
4.96297372801522,13.153614303768984,8,,Jam,Scooter,55.057298995649866,1
4.422682722159723,15.716942336711256,0,Snowy,Low,Bicycle,63.801241895679155,1
5.645437120676179,6.118823835508401,1,Sunny,High,Scooter,32.26357416856591,0
3.345538112895354,,3,Sunny,Jam,Scooter,55.22122834470013,1
6.038693028482345,9.853142459089643,2,Rainy,High,Car,48.054974305432765,1
8.065477826005155,8.236648570782329,0,Snowy,Jam,Scooter,93.8081445402855,1
4.782479703086285,,4,Sunny,Jam,Bicycle,69.46022274919954,1
5.8034234441978825,20.563441874949625,6,Rainy,High,Car,56.21677022358236,1
6.380287983422225,,1,Sunny,High,Bicycle,64.08035798950243,1
4.197559056228328,22.668638549582496,4,Sunny,Low,Scooter,36.603085557484775,0
5.448184963620833,12.32099268473851,5,Rainy,Jam,Car,71.84245084004733,1
5.02518480156359,6.463210212035266,6,Sunny,Medium,Car,16.857924474115503,0
5.195352197097663,9.417377800256705,0,Sunny,Medium,Car,28.46773358114221,0
3.4539804322890673,21.179058100034695,6,Snowy,Jam,Car,74.30642061647924,1
5.049020348517885,14.220509110316662,3,Sunny,Jam,Bicycle,81.95778388716444,1
5.9959965824909,12.258563517546996,7,Rainy,Jam,Scooter,80.80202944765462,1
7.902287215590084,15.800091129263938,3,Sunny,High,Scooter,59.58924431783697,1
6.918541652170414,17.508913680837725,5,Sunny,Medium,Car,43.7235015767444,0
9.306364915023114,20.586994079512305,8,Sunny,Medium,Scooter,59.63885036167974,1
3.465304874223901,22.242496149464632,4,Rainy,Medium,Bicycle,63.92613274121217,1
6.744641273441356,13.20115677105457,3,Rainy,Jam,Scooter,79.45143783730651,1
5.366684011476703,8.369761569589809,7,Sunny,High,Bicycle,52.92945961693386,1
9.379605866435345,12.932674194383619,8,Sunny,Jam,Bicycle,110.72902547636615,1
3.383403429289697,16.30140253291443,3,Foggy,Low,Scooter,24.97041017191983,0
3.3205563156384477,10.181205368946944,2,Sunny,Low,Bicycle,36.349148495845476,0
3.8012147091119557,10.214245425524785,7,Snowy,Medium,Bicycle,52.160472409669346,1
0.7522085513803862,16.718939407749428,4,Sunny,Jam,Bicycle,58.478188078776924,1
3.948489956638478,14.756738242147744,1,Rainy,Low,Bicycle,51.23346446776151,1
3.481734676892604,15.163984977057932,9,Sunny,Low,Car,14.636405055334372,0
5.300787572952415,11.207523326499652,8,Snowy,Jam,Scooter,69.00861177256803,1
5.683511951554319,13.847996428971163,2,Rainy,High,Car,53.18839193153804,1
8.752341678431772,10.378834278658477,1,Sunny,Jam,Bicycle,116.68060563720569,1
6.9008476763721,19.450992055623935,0,Sunny,Jam,Scooter,77.04943277065169,1
3.8461926886751936,20.176246673618763,7,Rainy,High,Bicycle,89.60885413460399,1
3.203170657303284,5.769060688809532,2,Rainy,Medium,Scooter,15.391629333962275,0
5.983838343013011,10.35244569903795,6,Sunny,Medium,Car,23.52810657259906,0
2.3595335859587157,7.517353724549604,0,,Medium,Scooter,19.219553676218705,0
8.662917531708707,11.74988032796551,0,Snowy,High,Bicycle,131.08646521743333,1
7.358880241442574,14.582810151048196,8,Sunny,Low,Scooter,35.439194625166856,0
4.06164869579059,7.75177390150735,7,Rainy,High,Scooter,25.2188474245781,0
1.573730941818245,10.390700934373434,2,Sunny,Jam,Car,23.312258821623868,0
7.707744748330826,9.980213139592507,5,Snowy,High,Bicycle,104.3877293715012,1
4.770920309494764,16.03633664699472,2,Foggy,Low,Scooter,33.8737757114896,0
7.4756326239469235,15.346721685181253,3,Foggy,Low,Car,37.83298507477854,0
1.8111446824112658,,0,Sunny,Jam,Scooter,38.98125201707125,0
3.8012499540924543,15.88410436069699,4,Snowy,Medium,Bicycle,73.15339158549838,1
5.010487399436366,12.266599577063673,0,Sunny,Low,Scooter,34.387221639808196,0
5.093961187529484,13.641724448369734,0,Sunny,Low,Scooter,25.426056438822286,0
4.099869057041513,23.367260451492683,9,Sunny,Low,Scooter,24.081484833008105,0
6.2456998646949975,21.70230525895174,6,Sunny,Jam,Scooter,85.15502291017579,1
2.8647591412348112,8.502093815362013,5,Foggy,Low,Bicycle,30.44074441982276,0
4.715241029957413,19.148662089395874,1,,Medium,Car,30.942511912512643,0
5.240591263423798,19.05698277245796,1,Rainy,Jam,Car,81.2629094080762,1
6.028877668117498,9.258683556236909,6,Rainy,Medium,Scooter,43.83499167051663,0
6.423229756177779,19.093888218774303,0,Rainy,Low,Bicycle,75.40493016528785,1
2.7507158163242615,22.689659592062764,1,Sunny,Low,Bicycle,42.267528421420636,0
1.9317716585287554,9.387275968777931,7,Sunny,Medium,Bicycle,21.62234967557718,0
7.555353643797018,10.412485894928682,5,Snowy,Jam,Bicycle,147.80656820768783,1
5.6646280239591835,20.08830733421751,1,Sunny,Jam,Bicycle,111.74101399506362,1
3.5030269268868928,16.35747655412824,6,,Medium,Bicycle,51.421103491547115,1
8.102303951045046,17.757381376197618,3,Sunny,Low,Scooter,39.18474216732261,0
5.231349268585717,16.702946082002484,1,Sunny,High,Car,37.44522893996514,0
7.358594368127653,16.95347960464072,5,Snowy,Medium,Car,72.20762377894367,1
5.135036962820218,8.367639358444585,8,Sunny,Medium,Scooter,25.39974129372497,0
9.121495849763974,20.23658853310724,8,Sunny,Medium,Car,50.4380501324612,1
8.510681684886409,20.84794996213887,7,Sunny,Low,Bicycle,68.67923438532655,1
4.502071703041853,13.85304627965986,2,Sunny,Jam,Bicycle,82.01065635916069,1
6.943141901908711,14.782615250930688,2,Sunny,Low,Car,29.199877388142166,0
6.290751899170295,,1,Sunny,Medium,Bicycle,32.67101421572849,0
7.737263115064698,17.571273780089175,4,Sunny,Low,Bicycle,53.85848848393579,1
3.070153078839791,17.86028720857072,3,Rainy,Low,Car,31.114530000269546,0
6.372102919996879,14.689044915003445,6,Sunny,Medium,Scooter,23.97155821995842,0
7.116848973699176,20.621766799352514,3,Sunny,Low,Car,35.79372803754744,0
1.4825210271537714,,8,Sunny,High,Car,22.77202609738295,0
2.63348297466845,,1,Sunny,Low,Car,26.303054212573716,0
0.9215356444797989,9.901678306539422,5,Foggy,Low,Car,13.866373450741166,0
4.461186331110884,,6,Sunny,Jam,Scooter,58.32355623600849,1
6.435084511591924,14.128228710485821,3,Sunny,Jam,Scooter,73.39502140673258,1
8.004714104192056,16.12653961020471,5,Sunny,Medium,Bicycle,75.2338171380515,1
5.14818956083955,13.152365355833208,6,Foggy,Medium,Bicycle,59.75353451734966,1
8.257231091142584,14.34263702164166,3,Sunny,Jam,Car,66.66812204545842,1
2.2397970835702172,19.13023585720753,7,Snowy,High,Bicycle,84.31568086198732,1
1.5932351212896907,12.816178813808913,8,Sunny,Low,Scooter,12.21839341930439,0
4.888904602206763,,0,Foggy,High,Bicycle,63.99924007913073,1
5.768130897878614,23.747919521027104,6,Snowy,High,Bicycle,138.4120547659924,1
4.934610503811814,21.907270393452432,8,Sunny,Jam,Bicycle,104.22792344242997,1
0.8651157999202468,8.538686524471906,9,Sunny,Medium,Car,13.877978742050152,0
4.821759920974423,18.448539026225973,4,Sunny,Low,Bicycle,45.91133391355081,1
2.3910609989902936,12.485126147243285,1,Sunny,Medium,Scooter,18.361112742690608,0
6.339345097660077,16.317436076655298,9,Sunny,High,Scooter,48.44949432119932,1
5.733196492193697,16.47112064506747,5,,High,Scooter,43.88539776411422,0
3.1202404273452897,13.82796099841839,6,Sunny,Medium,Scooter,29.50744742423138,0
3.972266165326613,11.081171672068017,1,Sunny,Medium,Bicycle,36.66918538346127,0
2.881572956222097,11.547294738418703,1,Sunny,Jam,Car,34.46109580741546,0
4.874641805453656,10.419040422593788,9,Sunny,Medium,Scooter,30.25009646647366,0
6.910284641002477,10.840888958847776,9,Sunny,Medium,Scooter,29.82508166529953,0
3.0285479073289125,14.664108549753223,0,Foggy,Jam,Car,52.21519446451302,1
6.008093031035688,11.421200054446242,3,Sunny,Medium,Car,24.72734918729403,0
3.9394847632551184,18.410260328563098,6,Rainy,High,Scooter,57.16790914172639,1
3.4142543354753117,22.436230776679636,8,Sunny,Medium,Scooter,38.05102678401429,0
4.785939280090885,12.099733793149785,2,,Low,Car,22.071892779004408,0
2.929515355161252,16.197022502676884,6,Sunny,High,Scooter,34.64598428963256,0
3.892701389305636,17.498425551514668,6,Sunny,Jam,Scooter,57.572988546665805,1
2.604244214822303,17.360011354596374,6,Snowy,High,Bicycle,80.55546807371621,1
8.929450265832779,15.379776339580436,1,Rainy,Jam,Car,100.4284430450344,1
5.070527103943458,18.713412091798613,5,Sunny,Low,Bicycle,55.24319534215394,1
3.6005489840148286,17.411244763403285,1,Foggy,Low,Bicycle,45.65428179148788,1
5.427959821468444,8.811687888363512,5,Sunny,High,Car,39.46144677794339,0
4.77534390061834,19.345780321946364,9,Foggy,Medium,Bicycle,66.71367517391882,1
4.558060800933554,19.436454186333712,2,Foggy,High,Scooter,68.57087060904111,1
6.22833340008685,11.183569479107092,1,Sunny,High,Bicycle,65.25469634925788,1
6.51501542009461,15.18968917723801,5,Sunny,Low,Car,31.603460060729077,0
3.938997704778945,18.416644964055347,1,Sunny,Jam,Scooter,63.47732921443141,1
3.8483635187106398,13.953430902103193,4,,High,Scooter,45.785559152441714,1
4.449896605696712,20.364890238830057,1,Sunny,Medium,Scooter,40.320633008001245,0
0.5,,2,Foggy,Low,Scooter,40.18273774950022,0
1.9696178756028955,11.070069836825088,2,Rainy,High,Bicycle,47.05243888231876,1
7.733748534889049,8.094776984231125,5,Sunny,High,Bicycle,65.82832049374818,1
8.289935427002568,16.51909297802438,5,Sunny,Medium,Scooter,41.39934310490793,0
4.501927920887243,18.607812525630717,9,Rainy,High,Car,58.44469233123449,1
6.153113926111533,13.845668130776154,2,Sunny,High,Scooter,45.05363205614311,1
5.622500309087072,22.26630331660517,2,Rainy,High,Bicycle,119.46627850304888,1
11.157761616910475,8.306971001383756,0,,High,Scooter,59.6636096928179,1
7.2391498228691535,18.464593115158056,6,Sunny,Medium,Bicycle,75.170599726755,1
4.744164817038467,11.970695896205534,7,Sunny,High,Scooter,39.83800110459515,0
3.0889191187991485,23.59688953103648,1,Rainy,High,Car,54.751858453504845,1
1.787107359484855,24.96257676584059,3,Sunny,High,Scooter,40.31446840999564,0
5.406927271734446,11.166717061083261,9,Rainy,Low,Car,23.566145837181605,0
3.487298509431393,12.2522143204571,6,Sunny,Medium,Car,17.657100649772502,0
2.1554925808046517,19.29793943489901,7,Rainy,Low,Scooter,35.319658231125054,0
3.7068542315149466,13.064346751052426,0,Sunny,Low,Car,22.083872135192628,0
2.83690399277121,14.772943910338808,3,Sunny,Medium,Car,17.51192845587346,0
8.37428327014513,,5,Rainy,Low,Bicycle,74.72642717563211,1
6.763279513898901,5.401634219011719,2,Sunny,Low,Bicycle,36.88210863136122,0
4.9840547173667655,14.930811269528814,4,Sunny,Low,Car,13.602073902964928,0
7.959888277780052,11.55136112967913,9,Sunny,Medium,Scooter,37.03466658349229,0
5.154736615295237,12.53438588800114,8,Rainy,High,Car,47.66155515949352,1
3.2774315973434724,22.21816001734407,2,Foggy,Jam,Scooter,75.23295213121155,1
8.046248154539315,8.717465528603718,4,Sunny,Jam,Bicycle,97.84066437039826,1
6.077820087369317,19.066025933739887,7,Sunny,Medium,Scooter,43.68194908888126,0
2.925507691347087,13.605185348340957,5,Rainy,Jam,Car,46.99633766655517,1
4.619322643832784,13.601199157520828,3,Sunny,Medium,Car,31.150653751806217,0
3.2487634932304856,18.951859480258555,7,Foggy,Medium,Car,40.15371711840716,0
2.234400538071328,16.70025647284445,2,Sunny,Jam,Car,32.57079304598582,0
6.852355095063283,17.853064986097657,2,Foggy,Low,Car,37.83684880444691,0
8.818833280940261,19.840923302664304,3,Rainy,High,Scooter,100.42806255096448,1
2.2028648523617176,13.343458084083386,8,Rainy,Jam,Car,42.503123359033616,0
6.125938473381142,11.938816327461248,4,Rainy,Jam,Bicycle,116.0606040632032,1
3.698714861756346,9.57424736721101,7,Sunny,Jam,Car,31.589677685254564,0
4.0257492324706075,10.872947350105225,5,Sunny,Jam,Scooter,49.77256581639819,1
3.8152121515222617,29.745472126543625,2,Sunny,Medium,Car,37.80284468050676,0
3.2720184606403677,21.22339790368393,7,Rainy,Medium,Car,43.74183410390428,0
5.097043255889654,8.244628168959894,8,Rainy,High,Scooter,40.510972822535,0
3.3380997671779244,8.38771021628215,7,Snowy,High,Car,29.186764231734603,0
5.540913651559678,17.40933030859246,3,Sunny,Jam,Scooter,65.4086292731972,1
4.899523781101726,17.736323986889836,5,Sunny,Jam,Car,54.35351335163286,1
4.522103906267181,17.744419176586824,0,Sunny,Jam,Bicycle,91.44347455905094,1
3.1848726759168042,13.725221032231511,3,Rainy,High,Car,44.01206641600427,0
3.8464573388633347,14.3727286999855,7,Sunny,Jam,Scooter,44.61378095853712,0
6.510782451651512,16.639397620796785,0,Sunny,Low,Bicycle,54.957991703426124,1
6.0018343752487615,15.429465031466652,2,Snowy,High,Scooter,76.91584131066926,1
3.044889510402898,5.0,0,,Low,Car,13.08712355088052,0
5.198664610858452,13.851001847124031,8,Sunny,Jam,Bicycle,88.20213670651462,1
6.502774246743578,10.742967828698433,1,Sunny,Medium,Scooter,33.63372851889726,0
1.6611894377572565,15.87605709454256,8,Rainy,Low,Bicycle,39.789404744299546,0
6.08672038475987,29.92629501301705,3,Sunny,High,Bicycle,110.18066737700096,1
3.674752482108307,16.83740832737152,1,Rainy,Low,Scooter,40.56076589200847,0
6.141197337186319,13.43235156913801,3,Sunny,High,Bicycle,60.74758331526323,1
3.4734816869149663,19.60900750988626,9,Snowy,Jam,Scooter,88.13358840526382,1
1.390235798670962,17.413439436046062,5,Sunny,Low,Bicycle,34.38256909589649,0
1.7449151242336747,17.100472452259208,6,Sunny,Medium,Bicycle,35.146098930975974,0
5.096169893322764,18.034252966078355,2,Rainy,Low,Bicycle,61.240280038574866,1
5.519445003442963,25.282717824147706,2,Rainy,Medium,Car,52.9325093050572,1
3.191366749791183,9.345557823370422,9,Sunny,High,Car,15.313920374360178,0
6.277184917554748,,7,Rainy,Jam,Scooter,93.94805962551496,1
1.6769598754620803,10.368094350092308,4,Sunny,Jam,Bicycle,55.6064365120065,1
4.867840402705367,,3,Foggy,Medium,Scooter,42.348661482560686,0
2.5779676004750867,10.406567442569528,6,Snowy,High,Car,30.58538885208473,0
3.696327784395682,12.913165931974579,6,Sunny,Jam,Car,39.320765426273944,0
5.094797342632828,13.524550428810468,8,Snowy,High,Car,45.03183100243533,1
3.2791732694320954,19.879083596723547,8,Sunny,Medium,Car,23.90299152324158,0
4.230888911540349,,4,Sunny,Medium,Scooter,36.4570983438834,0
7.012585618428881,8.771413117768077,7,Foggy,Low,Bicycle,45.68686433649391,1
3.8462162609537023,15.274670554999243,9,Rainy,Jam,Scooter,71.20183716118525,1
6.671384224130284,11.452100726254137,0,Sunny,Jam,Bicycle,87.9296733705955,1
2.740586290684764,8.707475446623327,8,Sunny,Low,Car,15.402752821446882,0
6.059608355830566,13.914914747878148,7,Sunny,Medium,Bicycle,61.61124302709272,1
7.883137241315801,13.457586057720901,5,Foggy,Medium,Car,46.43061131316421,1
0.5,27.13358243172761,2,Sunny,Medium,Scooter,32.67304613329325,0
3.406209489059046,17.16479912680348,2,Sunny,Medium,Bicycle,49.5215787340276,1
6.15414425436108,8.111912496228815,7,Sunny,High,Scooter,34.15870021926862,0
4.593909227914015,12.176129979145289,4,Sunny,Jam,Car,33.505488494302746,0
5.742291746742618,20.106916477146992,9,,Jam,Scooter,65.27132176972786,1
3.792029626568359,25.442213864349625,6,Sunny,Medium,Car,35.82423212033236,0
5.1731795749458,7.070083438810208,4,Sunny,Medium,Car,17.1512065799593,0
4.688645529215841,5.600378074304775,7,Sunny,Medium,Car,15.202013854175064,0
7.335564123319615,24.35482587685891,9,Foggy,Jam,Scooter,109.16353958942008,1
5.508841686602426,16.94807088685452,9,Sunny,Jam,Scooter,63.17431275568605,1
5.675205324150404,10.658536340618168,3,Rainy,Medium,Bicycle,68.5732902731772,1
4.1762460677550655,17.673145430612177,1,Rainy,High,Bicycle,89.31134731909934,1
4.024787551855013,5.0,2,Snowy,Low,Scooter,26.376397731961898,0
4.134883624360758,15.016877532985806,7,Snowy,Low,Scooter,34.070846180070724,0
5.788904284756594,16.639105864215427,6,Sunny,Low,Scooter,24.35028822477823,0
4.158031038359474,19.62135069768915,1,,Jam,Scooter,61.62627690048249,1
5.579549713792826,9.930520238537312,5,Sunny,Jam,Car,40.80181369538746,0
9.150801597290878,15.428435807016795,8,Sunny,Low,Car,32.901301572650276,0
6.742249406863385,10.372876869702063,3,Rainy,Low,Car,28.175779288867332,0
4.347952935664318,16.276918778371584,8,Rainy,High,Scooter,57.38795997763655,1
7.40242784432789,10.52326838818488,1,Snowy,Jam,Car,82.25428243931742,1
4.183849253956897,12.959495804198896,1,Sunny,Jam,Car,42.58059156941673,0
0.9237509296442923,10.020923026048855,8,Foggy,Low,Bicycle,18.924955952098287,0
2.983827378165192,18.255681209118286,6,Sunny,High,Bicycle,63.8320022561396,1
1.2584161579482886,19.29225558328333,6,Sunny,High,Car,36.24256954018354,0
4.296973031917383,13.82689715021293,0,Sunny,Low,Car,32.64888800201825,0
5.036836758379104,15.191189974800142,5,Rainy,Low,Car,25.756166984171415,0
8.352874624550566,7.75704292683228,6,Sunny,Jam,Scooter,60.76563121994296,1
5.653854747528325,13.501616759966065,5,Foggy,Low,Bicycle,49.51679355233036,1
4.561798942382271,14.748976914791276,5,Foggy,Medium,Bicycle,60.76979292121432,1
6.658811162366979,28.103965455149876,1,Snowy,High,Bicycle,163.31775944616442,1
0.5777293819842297,9.440164871129182,5,Sunny,Low,Car,10.0,0
5.471229116217132,22.32088619376219,3,Snowy,Medium,Scooter,64.91255033252757,1
6.541730387773933,19.98429386732904,8,Rainy,High,Bicycle,106.87057502089499,1
2.042827508440317,16.403182022450682,0,Sunny,Medium,Bicycle,27.286184457439653,0
7.287508086413858,23.793102420975668,7,Sunny,Medium,Scooter,44.79592934859701,0
5.676992814988829,16.860527363034315,4,Sunny,Low,Car,32.15839843696377,0
4.169424172198397,16.945795978339643,0,Sunny,High,Car,46.20289283202021,1
6.26556373221257,14.734396734912274,3,Sunny,Medium,Bicycle,65.59524621310241,1
9.541385715608792,21.117844412093138,0,Foggy,Jam,Bicycle,183.61737532302507,1
5.36373251011699,20.482346169054416,5,Sunny,High,Scooter,47.30060581653346,1
5.496441172600672,11.871613562518938,1,Sunny,Jam,Bicycle,78.67669900292096,1
4.081278200919511,8.403764027006163,4,Foggy,Low,Scooter,13.722002641307679,0
3.3003112610704166,13.985096813021714,6,Sunny,Jam,Bicycle,65.7421059992803,1
6.660671633088491,10.999807178011768,1,,High,Bicycle,104.49918060734055,1
3.2878323481822656,14.682377126923225,5,Sunny,Medium,Bicycle,36.643652149057615,0
5.143132474438785,21.187190673420695,5,Sunny,Medium,Car,38.32255739833984,0
4.044685106469767,12.713491724566051,4,Sunny,High,Scooter,38.53060941354103,0
5.957959651492784,14.785883093442125,4,Sunny,Medium,Scooter,34.81926223376271,0
5.667324210573897,15.290113674041976,2,Sunny,Jam,Car,49.1339832585263,1
7.075079888515798,19.242154411026423,9,Rainy,Medium,Car,57.95827140732703,1
3.979967202290506,5.0,9,Sunny,Medium,Car,13.564247219960684,0
4.460250129413257,11.966498526173517,1,Snowy,Jam,Scooter,85.24777678456948,1
3.042472568435385,16.056418461397364,6,Sunny,Jam,Bicycle,73.0134042470709,1
4.111413479847776,21.000394782134308,0,Sunny,Jam,Car,59.48002257638377,1
5.754600986089704,12.540487762468974,5,Rainy,Low,Car,26.773624484576363,0
6.513977233290704,5.61723646979063,5,,Jam,Car,39.66241931165253,0
3.1556693516447494,18.098557229830682,2,Rainy,Jam,Bicycle,98.71169076349364,1
6.73921184021132,11.823188055871853,1,Foggy,Low,Bicycle,50.45536062128657,1
7.711275717609902,9.051666704548193,1,Rainy,Medium,Car,47.39007120404108,1
5.826869806447402,11.87827305143388,8,Sunny,Jam,Bicycle,82.66373049674334,1
8.753591625116131,14.077373211720753,4,Sunny,High,Car,49.13306533184568,1
3.452421601792854,11.976276677308936,6,Rainy,Jam,Bicycle,80.39868187904561,1
2.510690593377166,5.0,4,Snowy,Jam,Scooter,33.66859681817643,0
1.4425595021914428,19.485330984435663,6,Sunny,Low,Scooter,26.478326699045855,0
7.9920886229783665,21.374375206393612,3,Sunny,High,Bicycle,101.26005120385292,1
6.308731312708115,18.25760995669753,7,Sunny,Medium,Scooter,35.22049027331482,0
4.8888306581790895,9.311571647875917,9,Sunny,Medium,Scooter,29.425599816340792,0
5.5599372526396404,13.99254233026241,9,Sunny,High,Scooter,50.13372408126207,1
2.749021905403247,14.967393423852709,6,Sunny,Jam,Car,40.33097142676103,0
9.891503959233653,17.993971947809552,9,Snowy,Low,Bicycle,107.21053966634277,1
5.258442363950455,18.341702443590403,4,Foggy,High,Bicycle,96.21989433253745,1
5.218789589209786,11.32913100610752,5,Rainy,High,Bicycle,68.1495622457584,1
6.451533247797384,15.409977782067802,4,Sunny,Medium,Scooter,49.0388448699803,1
5.962018463473426,17.286402023076207,6,Sunny,Low,Car,33.44583287726292,0
5.447768048558263,22.279111610733832,1,Foggy,High,Bicycle,106.22479604686791,1
3.4190510891093764,,4,Foggy,Low,Scooter,31.90832046398124,0
5.942936714271991,18.945283436877595,9,Foggy,Jam,Car,66.4806735607186,1
8.764048992950068,15.419133139646805,2,Rainy,Medium,Car,54.604239828191375,1
7.690840092309955,22.05229572601752,8,Sunny,Jam,Bicycle,133.61643309149022,1
8.186373253278795,17.048813979797487,5,Snowy,Low,Bicycle,85.59605901897814,1
3.9775686471376295,10.694560449132148,9,Sunny,Jam,Scooter,40.40579644418639,0
3.020790359482838,22.016849850625952,2,Sunny,Medium,Bicycle,49.02489081827942,1
4.748426159800704,18.489516362695138,6,Rainy,Low,Scooter,37.63211241440552,0
5.111449824577389,12.784779894357587,3,Sunny,High,Car,28.854113934591552,0
7.188383036941897,12.602535163003783,2,Sunny,Jam,Car,51.84624388295388,1
1.6150707405703613,16.48287772570381,7,Sunny,Medium,Car,20.72291004178965,0
8.059100638921228,17.315923976337924,3,Sunny,High,Car,50.37227038689189,1
4.683984202842021,15.986461328156032,0,Snowy,Medium,Bicycle,78.67476464699925,1
4.14623786010516,16.556543367214424,5,Sunny,Low,Bicycle,37.82566724744046,0
2.975791249479665,23.499786872881902,9,Sunny,Low,Scooter,41.542750559453054,0
1.6902866562684613,20.35771576117443,0,Sunny,Jam,Scooter,53.89398688848856,1
6.646341167923829,15.953177956325122,4,Sunny,Medium,Scooter,44.64435944795446,0
5.146635934376808,19.706552903837416,6,Sunny,Medium,Scooter,35.29867516682861,0
2.4200782005178922,9.837380482362303,5,,Medium,Scooter,26.69603297376558,0
2.409842455872768,16.989635249734043,1,Sunny,Low,Car,19.674258087879636,0
4.328430601419743,24.04653174866555,3,Rainy,Jam,Car,79.31156358458993,1
8.338043050578786,13.90977052303813,1,Foggy,Medium,Car,58.46982267396708,1
4.48081729727279,10.761830356904575,0,Rainy,Medium,Scooter,40.62263711905592,0
1.9937140937637876,11.739555557034697,2,Sunny,High,Car,25.00301429895133,0
4.508513871828112,9.551834813288059,2,Sunny,Medium,Car,18.51104140492504,0
4.454552860504659,11.076190459361483,6,Snowy,Jam,Car,55.17015525097649,1
0.5,13.147459507049856,0,Sunny,High,Car,19.046889198115014,0
4.8914102669643755,7.97216490410679,8,Snowy,High,Bicycle,69.56401540177258,1
4.538130939582644,15.078091669748016,5,Snowy,High,Scooter,65.12129481205443,1
6.3924127296268365,19.511385868933235,3,Foggy,Low,Scooter,48.322653273820066,1
8.69791218989069,10.4612190992654,2,Foggy,High,Bicycle,98.02589664672787,1
7.253130059095515,22.596419618208845,2,Sunny,Medium,Car,49.978301011956894,1
4.462222618890339,17.553960442637973,1,Sunny,Low,Car,27.69427489392188,0
2.7869481825166593,,1,Foggy,Low,Car,25.25206925646376,0
10.14671960649972,11.710827230739316,9,Sunny,Low,Scooter,36.659612466666864,0
5.118436868028977,19.272626135333077,4,Sunny,Low,Scooter,33.30660195235552,0
5.027858583825893,9.540330498023435,8,,Low,Scooter,32.655703427560674,0
4.951749825779993,19.451237504182544,1,,Low,Scooter,34.931241203718294,0
5.39616952153571,15.859196698967656,1,Snowy,Low,Scooter,44.71430487209092,0
4.711279176152115,17.76625609992392,5,Rainy,High,Bicycle,95.63863039275056,1
3.8526759862395275,,9,Sunny,Jam,Scooter,38.76388908992831,0
3.9062821175192157,10.524650788616977,1,Foggy,Medium,Car,35.4153282052298,0
4.934493459568003,17.986141091266923,3,Snowy,Medium,Scooter,57.95770599070875,1
3.91315045773247,10.258259978878996,5,Rainy,High,Bicycle,56.6566621359749,1
3.5743084346456713,17.316031460495616,4,Sunny,High,Car,40.89631974679351,0
5.212860455383794,8.164310967698771,0,Sunny,Low,Bicycle,32.820388683458965,0
4.490045565158289,19.24087106333334,5,Rainy,Jam,Car,73.819906387157,1
8.007985977165378,8.837383426157455,0,Sunny,Low,Scooter,33.78992480449841,0
0.5,17.761499688397617,2,Sunny,High,Bicycle,42.566520948833954,0
7.1830137038449235,18.128154668230003,9,Rainy,Low,Car,40.041612111164916,0
7.492170384995259,11.516140907852126,4,Sunny,Medium,Scooter,30.530461815961402,0
0.8532195351837011,17.910132835423635,9,Sunny,Medium,Car,12.105580138517173,0
4.314624811839303,16.30221131666778,4,Sunny,Low,Bicycle,47.47979023943091,1
4.257118268008417,12.30579071903631,9,Sunny,Jam,Bicycle,72.87544015805598,1
2.1849766105643575,9.95722657961896,5,Rainy,Low,Bicycle,39.245190255190785,0
3.444366624818249,5.186871541637105,9,,Low,Bicycle,13.591433013965403,0
2.7788483090683425,16.748250236498468,7,Sunny,Jam,Scooter,46.516309800644805,1
8.504540886847245,7.175986143189724,4,Rainy,Jam,Car,78.60979253774448,1
6.871356786294922,,0,Foggy,Jam,Scooter,83.78878170285074,1
7.543110189988317,13.682758919588755,4,Rainy,Medium,Bicycle,80.54345418500108,1
6.44334412808647,18.39571387719098,2,Sunny,Low,Car,30.731957386882662,0
2.7418964575655416,13.489772502550679,3,Sunny,High,Bicycle,45.133050244323684,1
3.9509594674404527,13.352761068264543,7,Snowy,Jam,Scooter,74.77590540416081,1
5.978749122455836,18.659353521441478,6,Sunny,Jam,Scooter,61.29015092853834,1
2.5557443822161092,16.675290145420586,4,Rainy,Low,Scooter,37.85890981667942,0
6.425996860344776,16.58077978591389,1,Sunny,High,Car,42.03526025159444,0
4.5193492036837295,17.34633794904263,5,Sunny,Low,Car,14.110000852906985,0
4.250358384900805,,5,Snowy,Low,Bicycle,42.613535722914364,0
6.421919936406983,18.78394339993491,9,Rainy,Jam,Car,80.67071612228122,1
5.88852662297208,18.06234397006801,9,Rainy,Jam,Car,76.35559099943293,1
4.278067668361841,9.916584357117515,5,Sunny,Medium,Scooter,26.363827711321463,0
7.318659606728496,13.779597631628993,8,Sunny,High,Bicycle,79.62925346435371,1
2.8378733448002054,14.803463561861845,7,Sunny,High,Scooter,39.90888216273318,0
6.231871213888527,14.327516077991337,7,Sunny,Jam,Bicycle,92.11868497122629,1
6.186202515936768,16.669299832842672,0,Sunny,Jam,Bicycle,109.55517743278074,1
4.38090712137202,22.156833909155917,4,Sunny,Jam,Car,63.67189953630228,1
5.652266044484236,20.408833638364143,6,Sunny,High,Scooter,39.84451947984825,0
2.497772847229394,8.438904032842968,5,Foggy,Medium,Car,13.523340433766508,0
6.848054038413802,18.110349951530242,4,Rainy,High,Car,57.89623988517634,1
4.630195727114022,21.64466659767705,7,Foggy,Jam,Car,73.789920274078,1
3.954553958961921,16.934042603446013,2,Sunny,Jam,Bicycle,87.08224302065528,1
7.098018451673779,20.454902125929834,5,Foggy,Medium,Scooter,59.408137272494095,1
3.5913126189144817,25.061352228503825,4,Sunny,Low,Scooter,32.307328747675186,0
2.1830774072728807,20.118547730534907,7,Sunny,Low,Car,18.943863562670355,0
1.8867416529521925,16.246542978208645,3,Snowy,High,Bicycle,72.29243802953975,1
6.21201990269128,20.225442370423767,7,Sunny,Low,Scooter,33.35593572218296,0
2.439141295007434,15.724439165484457,9,Sunny,Low,Scooter,22.427774411030875,0
8.50958836396873,15.119515216424777,1,Sunny,High,Car,47.80741187693456,1
0.8361411842325559,13.242928821431338,8,Sunny,Jam,Bicycle,39.3449878055929,0
8.392912736580076,22.81706679416054,8,Rainy,Low,Car,51.51379708574528,1
5.422034934405237,10.907856670289993,9,Rainy,Jam,Scooter,64.31265374039003,1
4.806573776259215,22.66183862339058,9,Rainy,High,Bicycle,98.41965496303952,1
3.9101618263821005,17.49932061870186,5,Sunny,Jam,Car,51.60408533905704,1
5.798272228704142,8.003469125990293,3,Rainy,Jam,Scooter,61.674106248495555,1
4.9247305951503035,16.83824646495711,3,Sunny,High,Car,36.004813636699055,0
7.2066037640330425,5.0,5,Sunny,Jam,Car,43.478969337074965,0
5.228455297324079,18.12754008415518,4,Foggy,Low,Car,29.240181223198565,0
5.300603522923756,,5,Sunny,Low,Bicycle,50.321045331421885,1
4.272775575572288,,6,Rainy,Low,Scooter,27.515016853126927,0
4.886108752557865,15.61773847977791,6,Sunny,Low,Scooter,24.713164218717704,0
5.615603537784119,24.770787168751433,8,,Jam,Scooter,101.67408642081372,1
1.5796632146867489,12.471266478690318,7,Rainy,Low,Scooter,23.851408779701956,0
2.303629155788574,9.705462064716997,5,Sunny,Jam,Bicycle,49.195135652636544,1
6.48652818804543,22.408317012312992,5,Sunny,Medium,Car,33.16652143381368,0
5.341730876255884,24.812935952653973,4,Rainy,Jam,Scooter,108.59406533900518,1
4.632033327294642,15.018478359239237,0,Sunny,Low,Bicycle,45.954652735683915,1
5.036867866130787,20.05731517704178,8,,Medium,Car,35.42489673608363,0
5.695163410723342,21.707379577654407,8,Rainy,High,Bicycle,113.90869862499524,1
3.920480639381277,11.287578837308079,8,Sunny,Jam,Bicycle,65.22221245090972,1
3.4433905491953745,12.573470823160658,7,Snowy,Low,Scooter,33.95588211417996,0
5.391690510195363,21.154372565773674,9,Sunny,Low,Scooter,30.507084397078035,0
3.0432544447699357,23.425071393542545,2,Sunny,Low,Car,31.88615615155596,0
5.816505511428944,17.814404300871775,0,Rainy,High,Car,61.60345592833496,1
1.5948327915243192,10.600928232489728,7,Sunny,Medium,Scooter,10.0,0
7.058311274651287,24.935305558497205,6,Sunny,Medium,Bicycle,85.18035572806464,1
5.9451949648260864,12.345145510940178,4,Sunny,Low,Scooter,27.536207161566516,0
5.5120594686277515,13.324311094142741,9,Sunny,Jam,Car,46.71384797495652,1
6.965381967891028,16.711689172448107,6,Sunny,Low,Bicycle,51.1984153109656,1
8.330948888925153,22.77080210357387,9,Sunny,Low,Bicycle,65.2986550608828,1
7.028740130036261,19.269879882761117,3,Sunny,Jam,Bicycle,120.7164773939788,1
1.3182515373367094,17.074327501809552,8,Sunny,Low,Scooter,12.091182137993169,0
2.440846066528597,,9,Rainy,High,Scooter,35.70294928543159,0
3.7503628446086426,15.21757334321733,1,Rainy,Low,Car,24.457821491839383,0
5.052182100421668,17.79069757259253,8,Sunny,High,Bicycle,72.03988797037962,1
6.035318040938246,5.0,8,Rainy,Low,Bicycle,40.24691980667243,0
3.548512373693069,13.516962704651007,4,Snowy,Medium,Scooter,47.05846530919928,1
5.373533528954157,16.206609674583905,0,,Jam,Car,56.57132639642053,1
3.489234135293355,9.244929581902465,6,Rainy,Medium,Car,28.27406673400884,0
3.7769643940161037,16.9316165890578,9,Sunny,Low,Bicycle,34.429691616408704,0
2.1866778063035555,13.977643895069392,9,Snowy,Low,Scooter,24.130804923958994,0
3.1535335077781914,23.77737849157745,3,,High,Bicycle,73.3330735732201,1
2.2966307887673327,22.865098626074282,8,Sunny,Low,Scooter,25.02010608214059,0
3.0482534940453343,12.670972154409185,5,Rainy,Low,Car,21.25537297804417,0
7.107283593215679,14.245811442166524,2,Sunny,Low,Bicycle,47.990920570179355,1
3.1012022223361138,14.630262171958037,5,Sunny,Medium,Bicycle,32.65315368080974,0
10.26476412967478,12.741702619201886,9,Sunny,High,Bicycle,96.6110716284515,1
5.9866358017617785,,5,Sunny,Medium,Car,35.93169590743838,0
5.369672247389747,11.208589655562049,4,Rainy,High,Bicycle,74.83465259799544,1
3.2832844396375727,9.346923325312368,1,Snowy,Medium,Car,31.80211314346672,0
6.4006197588179825,18.113556119501343,9,Sunny,Low,Scooter,31.983185348605605,0
3.848724347524452,18.147647921109055,9,Sunny,Medium,Car,32.387533696610284,0
5.244019629290723,10.978421201700037,1,Rainy,Medium,Scooter,34.6070509731058,0
10.12016907653759,19.476777153812996,6,Sunny,High,Car,62.15158367830826,1
4.8078802005507,11.842111354173344,1,Rainy,High,Car,43.53929668395175,0
7.298546652571352,16.265826190189905,5,Sunny,Medium,Bicycle,66.99621886050801,1
3.593647149748225,19.10172006306228,4,Sunny,High,Car,45.130802250654185,1
4.930023019006077,14.831937176481436,3,Sunny,High,Bicycle,64.53092817468183,1
8.54160127127102,17.27370456070567,6,Sunny,High,Scooter,65.0634234610691,1
3.746065884424465,12.417851780562142,7,Sunny,Jam,Scooter,43.07301754229222,0
8.624897115993857,,3,Sunny,High,Bicycle,93.61237118626539,1
6.415503870910951,13.970702845598298,0,Sunny,Jam,Scooter,70.19867057266366,1
3.8750664482114647,11.267108267298806,0,Sunny,Jam,Car,38.62388642446241,0
6.264815478111042,14.116129184421089,0,Sunny,High,Bicycle,72.02228983818027,1
6.9451088992534595,7.256908505681267,0,Sunny,Medium,Bicycle,53.00082656334335,1
6.243619924434393,12.544231264289476,4,,High,Bicycle,65.09192463656044,1
1.8595505602190872,13.575622533151646,3,Sunny,Low,Scooter,18.607437191964962,0
3.545725648350263,,8,Sunny,Medium,Scooter,23.448550929439275,0
4.504962728896991,13.792512770646105,2,Rainy,Jam,Car,63.319846631171316,1
4.851133141799908,14.691179000699355,6,Snowy,Jam,Car,73.40059916658949,1
6.241344195101356,17.39720759043032,7,Sunny,Medium,Bicycle,58.05532642936956,1
5.355402001866508,19.372585370662613,5,Sunny,Medium,Car,40.44989823035087,0
2.3293112825797975,,9,Sunny,High,Scooter,24.806442756463994,0
5.760395702011927,8.983995723054278,0,Rainy,Jam,Car,59.826811436363755,1
6.221171490567646,9.789777938784486,7,Sunny,Low,Scooter,27.053236136591448,0
6.11958089586208,12.563985394025364,9,Sunny,High,Car,27.96206440324416,0
7.161561451109243,13.240393410917454,2,Rainy,Medium,Scooter,63.62204543605279,1
6.667844309097808,11.150019669012714,7,Sunny,Jam,Scooter,58.93054401204057,1
5.918360158456873,8.519416678750527,3,Sunny,Medium,Car,16.43000444534531,0
4.859668577082706,12.719395862629058,7,Sunny,Medium,Car,31.312584714429086,0
1.6780781329680172,15.907133100569856,0,Rainy,Medium,Scooter,28.911590785764922,0
5.859236438265172,17.975147329177823,2,Sunny,High,Bicycle,84.21249421532066,1
5.4153753743262225,12.212884734458394,5,Snowy,Low,Car,35.673731770380165,0
5.543157674390747,12.935010889282829,8,Rainy,Low,Scooter,26.58175496199666,0
2.446502848359381,,1,Sunny,Jam,Car,31.968898464507124,0
2.8378869191834752,14.842804148126119,0,Sunny,Medium,Car,25.60297418103406,0
7.1063057066658075,10.757856829045927,9,Sunny,Low,Car,29.48641842209252,0
4.92088969228669,17.865639066206,2,Snowy,Medium,Car,53.29405945055875,1
6.363001394745249,6.070667540329444,3,Snowy,Jam,Car,58.72447511757667,1
5.056636752260922,13.201851637737688,4,Sunny,Medium,Bicycle,54.080517773229374,1
5.05951227899149,16.50553669595871,2,Snowy,Low,Bicycle,68.21884328509805,1
6.876567611951995,15.919172581612521,9,Sunny,Medium,Bicycle,69.88930229571798,1
3.967910543565252,28.46516831990248,1,Sunny,Low,Scooter,38.09500051384645,0
5.192241553881967,16.749000122839536,1,Foggy,Jam,Bicycle,114.81615243518131,1
4.075449422589915,9.979727015789948,6,Rainy,Medium,Bicycle,44.852614500660906,0
4.131007545135369,14.522678764554636,8,Sunny,Low,Scooter,20.422711221589875,0
4.381655753062721,6.118768332667742,9,Rainy,Jam,Bicycle,66.81386539157745,1
5.444267543267426,14.597001253516195,1,Foggy,Medium,Car,44.57649160777253,0
4.042502756673045,10.834719714996208,6,Rainy,Jam,Bicycle,79.89514764378758,1
7.511512251147042,19.57695137780081,6,,Low,Bicycle,95.77374647398256,1
3.2107853955609924,12.252298627022325,6,Rainy,Medium,Bicycle,52.35339287165907,1
4.626256711677282,14.416170421023766,2,Sunny,Medium,Car,35.767194841927605,0
4.12053788345165,11.822210792977984,6,Snowy,Medium,Car,35.525985560439054,0
7.893955768707466,23.694256759266658,0,Sunny,Jam,Car,78.24850956471334,1
5.393109553023149,13.393786169410442,9,Snowy,Jam,Car,72.71423291038711,1
7.063689078937269,24.162785217396006,0,Sunny,Low,Scooter,48.32734510411187,1
2.028879253926056,,4,Rainy,High,Car,41.593742210686756,0
5.534100531738518,17.41033363667693,1,Sunny,Medium,Car,37.250981565807535,0
6.779261591246874,16.8436657365876,8,Sunny,Medium,Car,42.09004241836344,0
5.164567978550848,,6,Sunny,Low,Car,28.47718434766883,0
7.130960750130702,5.361637103271949,3,,Medium,Scooter,38.018715511930516,0
3.9654230997992554,13.605583029246217,3,Foggy,Jam,Bicycle,81.0848600720149,1
7.81869488037116,19.225789855921608,1,Sunny,Jam,Bicycle,123.62637056783164,1
9.5977962472385,14.755514082629473,4,Foggy,Medium,Car,51.161794068039015,1
4.274322879120682,7.974050765982125,3,Snowy,Medium,Car,21.55691283762489,0
4.1089949571984565,14.737977747112653,0,Rainy,Jam,Car,56.37829153926813,1
7.906768954235401,23.520527581277456,7,Sunny,Medium,Bicycle,80.19123919318676,1
8.159144291461425,21.234458577673596,2,,Jam,Bicycle,163.03421910390284,1
3.9542799456934636,,5,Sunny,High,Car,35.07877345134861,0
4.159626365808285,19.757246385290433,3,Snowy,High,Bicycle,106.27046053390713,1
4.436430782278985,13.167464898159741,8,,Medium,Scooter,44.89836625547308,0
2.311098977931446,6.480642065866405,6,Snowy,Medium,Car,16.15873213006729,0
3.1626961070316035,10.377670059352228,8,Rainy,Medium,Car,23.481779252445076,0
2.9917184664958643,22.81444384254099,9,Sunny,Jam,Scooter,61.3340625378157,1
3.464404869791743,13.630034590853478,2,Sunny,High,Scooter,42.39802505365835,0
4.930630225226437,13.78308010312491,0,,High,Bicycle,61.72047021180344,1
5.468429465073042,13.500809018625597,4,,Low,Scooter,28.627007371389364,0
8.101000985628154,24.520682947865033,2,Sunny,Low,Car,46.31048128227053,1
3.003291918522418,23.129794576810315,5,Rainy,Medium,Bicycle,65.50886053861242,1
6.968644796953168,26.09390116724067,7,Snowy,Jam,Scooter,147.48863729943616,1
4.572022311548982,14.204773947999744,3,Sunny,Medium,Bicycle,54.65266735172378,1
4.901072580695134,16.478122443735476,4,Sunny,High,Bicycle,59.600572991272266,1
6.3496389843332075,7.416787252896045,4,Sunny,Medium,Bicycle,47.49517677862941,1
2.7545559568754028,22.384672130591373,3,Sunny,Medium,Bicycle,50.84474483287107,1
5.764819492368101,9.161102243660325,3,Sunny,High,Scooter,36.196600921556396,0
5.332904416426112,16.083877818813146,3,Rainy,High,Car,55.30623375695551,1
5.984902528016298,9.513487361835779,3,Sunny,High,Car,40.01001500793997,0
5.5783372878156365,12.05566586630652,3,Rainy,High,Scooter,52.312456862152764,1
9.91060027982179,10.813687844751499,4,Sunny,Low,Car,31.41778901319281,0
3.7245200314973683,11.96062369662091,1,Snowy,Jam,Bicycle,105.46466087183911,1
3.9380060899963647,12.304386484255108,1,Snowy,Jam,Bicycle,110.8926030039614,1
3.753718947150471,12.258656025374615,8,Foggy,High,Bicycle,54.46783788140988,1
3.8890457616794905,19.166669558901535,1,Snowy,Jam,Scooter,100.6197850402798,1
3.7252257453869646,9.4756860346874,5,Foggy,Jam,Bicycle,68.62833613925474,1
7.378033062215104,16.102707135069334,1,Snowy,Jam,Bicycle,176.388999646148,1
7.841008495979709,21.089795761527792,4,Rainy,Jam,Scooter,116.25185849806738,1
3.8585074125010475,12.43401817743302,3,Sunny,High,Bicycle,55.553085543647796,1
3.3352888537915426,11.410405546261991,6,,Medium,Bicycle,32.429532712539576,0
5.942831112772808,13.847376874098746,6,Sunny,Medium,Car,21.830467850262345,0
3.8955539114380575,20.898626041803553,5,Rainy,Medium,Scooter,48.22604144119766,1
6.265863635511021,15.970538154766789,9,Sunny,Low,Bicycle,47.5657929116433,1
5.405846041702599,12.343928526962006,4,Snowy,Jam,Bicycle,121.73649039588767,1
1.9685117700055361,17.419383255940197,0,,High,Bicycle,67.56699608589393,1
8.095010402660122,9.488539250817883,2,Sunny,High,Bicycle,74.73288634136385,1
8.591755346191043,18.40679755221474,8,Sunny,Low,Car,30.834852650181066,0
3.7744226190312276,17.043036538508836,0,Foggy,High,Car,47.85758288455481,1
4.224596880128032,13.46095764430558,4,Sunny,Medium,Car,28.65639419419585,0
5.57173078144981,10.807071007763845,1,Rainy,Low,Car,27.403729579138094,0
5.66891357997405,10.566595388582714,3,Sunny,High,Scooter,46.0269638548042,1
6.317088545345661,17.674086681729552,0,Rainy,Low,Bicycle,82.63565683579651,1
9.0204090775327,21.14490251244531,2,Sunny,Low,Car,35.971241698269985,0
4.646105545011901,11.813461264856027,9,Snowy,High,Bicycle,81.49378058025164,1
3.4034055109230925,17.29193351775742,6,Sunny,Medium,Scooter,31.687629065126988,0
2.2413615439709456,5.0,9,Sunny,High,Bicycle,33.28049157329852,0
3.538139920116162,12.076911346714002,2,Sunny,Jam,Bicycle,63.40510690715057,1
4.933746054252405,14.84470533564549,3,Sunny,Jam,Car,45.978938114215026,1
8.589115727035576,10.451582915090832,1,Foggy,High,Car,52.138689535953176,1
3.964777401927657,10.31746812605202,2,Rainy,Medium,Scooter,39.75752648462235,0
5.447575903277797,11.661102217655568,8,Sunny,Jam,Bicycle,76.4723333912972,1
4.967154207854496,16.460963641631867,2,Sunny,Jam,Car,49.94719921315575,1
7.376786546896168,14.063354907968126,4,Sunny,High,Car,46.930539847702526,1
10.053864851747242,5.0,1,Rainy,High,Car,61.37840281471472,1
3.938262454159359,,3,Rainy,High,Scooter,36.64393771739643,0
4.021121114963556,11.965674110714122,6,Sunny,Low,Bicycle,33.503186368443316,0
7.0883217541381445,17.28843293026776,6,Rainy,Low,Car,42.34974806222978,0
6.363782979252623,5.0,2,Rainy,Low,Bicycle,45.45177735073134,1
8.693414651472068,12.501349119241848,4,Foggy,High,Scooter,60.92533291495242,1
6.167856370651927,12.368760717412894,0,Foggy,Medium,Bicycle,65.68620906961795,1
4.281415818425881,21.94168889104224,9,Rainy,Jam,Car,75.40439022497661,1
6.181309661384619,13.074890941435681,9,Rainy,Low,Bicycle,54.93758145644294,1
7.2174071611658155,,9,Sunny,Medium,Bicycle,57.09862959984392,1
6.640964362394728,15.706285700437316,0,Snowy,High,Scooter,74.49069993334278,1
6.014548062214596,5.0,4,Sunny,Low,Scooter,20.846737697168045,0
7.133349379178307,18.841036083158688,9,,High,Bicycle,90.70620497608692,1
7.3385911808913455,16.07698252728144,8,Sunny,Medium,Bicycle,72.97838140653593,1
7.764317982075054,17.54134319837295,0,Snowy,Low,Bicycle,90.95801567374514,1
6.297419775179286,34.63118853218163,0,Sunny,Low,Scooter,49.939076504157114,1
4.665763839366291,5.0,3,Sunny,Low,Scooter,15.634744025429848,0
5.293427372866645,23.62348324880554,3,Sunny,Low,Bicycle,52.52357187013966,1
7.413017933016714,13.562762402998223,1,Sunny,Medium,Scooter,46.4009071490152,1
3.366128658025528,16.436644522015047,8,Sunny,Low,Car,30.03888498345676,0
5.737346617745803,14.77243877349379,8,Snowy,Jam,Scooter,88.49076145841856,1
4.213322375345278,12.878818333009782,1,Snowy,Jam,Scooter,70.09614865632719,1
5.057489645869635,12.150835358806207,8,Sunny,High,Scooter,42.01737309457409,0
7.556903725214598,16.647543677865045,5,Snowy,Low,Car,50.990354147526475,1
5.382198136039807,7.414131516641604,7,Rainy,Jam,Car,52.081586045330674,1
5.092873096312298,18.75289583760883,9,Sunny,Jam,Car,63.33633626357525,1
2.2802877180401615,12.91902797557373,3,Rainy,Jam,Bicycle,68.73114380263061,1
6.492507132054442,9.349653304798212,1,Foggy,Medium,Bicycle,54.794614527782386,1
6.29096836228215,12.749935710020932,1,Sunny,Low,Car,26.519528320340278,0
9.32650944661092,21.285746084312862,8,Sunny,Medium,Bicycle,84.9945115177646,1
4.384443530093998,12.323324564918885,0,Foggy,Medium,Bicycle,53.2548338015306,1
5.438300655327878,,6,,Jam,Bicycle,138.4217278659657,1
5.498767367421511,11.345218621422633,2,Sunny,Jam,Car,46.44986618275979,1
8.15490655952695,18.7896092496181,2,Sunny,High,Scooter,61.12786698093734,1
4.809408935226096,18.42753869395102,1,Sunny,Low,Car,29.034791564079452,0
5.558043051540679,24.243044166482058,9,,Low,Car,54.36510334392417,1
6.215793019433079,14.122180272503922,5,Sunny,Jam,Bicycle,92.18153927649252,1
5.3732182463127165,18.343274023789533,9,Sunny,Jam,Bicycle,98.15385303735815,1
4.107132770898944,15.490337697694724,1,Rainy,Low,Scooter,40.65168001468157,0
5.388179985796615,,9,Sunny,High,Scooter,57.23988046553049,1
7.1472634997195446,11.405838061956349,3,Sunny,Jam,Scooter,65.28339762284423,1
2.9469694011778795,18.725026564386404,9,Sunny,High,Scooter,48.94085825315256,1
5.265939348293752,14.026513519416591,8,Snowy,Medium,Car,53.14499643132589,1
3.599758370121654,14.67905911445751,8,Sunny,Jam,Scooter,39.92608754434625,0
7.390093257849685,15.458762422241865,5,Rainy,Medium,Car,40.697343027943894,0
1.9536261904324506,16.261201982133386,3,Sunny,Jam,Bicycle,68.84481389961901,1
3.8821563054568236,14.41885478439021,6,Sunny,Medium,Scooter,35.105216664118615,0
5.754423750129042,16.073565915852633,0,Sunny,Jam,Bicycle,98.88671657442725,1
8.13104805846868,22.890590287810923,3,Sunny,High,Bicycle,102.37742358361902,1
4.868499477854025,19.92724842807609,4,Snowy,High,Car,62.273385816515116,1
3.8896009466136032,19.34577296248448,7,Sunny,High,Scooter,37.181804084269416,0
8.76231413888118,12.722302369880646,1,,Medium,Car,58.73360522249966,1
2.103972199167512,10.55379585885838,4,Sunny,High,Bicycle,34.041378222789184,0
0.6023880867598361,19.776502791188765,5,,Medium,Scooter,30.08948433916921,0
5.880028900106665,19.380233962648973,4,Rainy,Jam,Bicycle,133.25022187611407,1
3.9958915512947777,22.36335337875491,8,Rainy,Medium,Bicycle,81.39276077475388,1
2.9575343657385735,11.980096870153853,9,Sunny,Jam,Scooter,40.14429107418739,0
6.416712894598707,13.852256723198265,0,Sunny,Low,Scooter,26.378949405744617,0
5.487601427542398,6.80257918737283,2,Sunny,Low,Scooter,23.560527577418597,0
3.871842738526543,13.037644469695636,1,Foggy,Low,Car,25.557467153288624,0
2.439391202658211,19.982852552897235,2,Sunny,Medium,Car,25.579109026667055,0
6.744914656560289,12.667523103859011,9,Rainy,Low,Bicycle,45.144784183895034,1
6.300402355917322,18.20239897600412,8,Rainy,Low,Scooter,40.93304154812605,0
4.801648272441234,14.047484470010943,8,Sunny,Low,Bicycle,40.19079965988258,0
8.693273992095332,16.620285141107804,9,Rainy,Jam,Bicycle,159.2875930050502,1
2.859830467347695,9.261543050921663,1,Rainy,High,Bicycle,50.576550591127095,1
1.9489496581505223,15.426047248169505,2,Rainy,Medium,Bicycle,56.26236109088568,1
3.616183860237511,5.0,3,Sunny,Low,Bicycle,21.88528731533737,0
4.908827967289004,14.065519209190075,8,Sunny,Jam,Scooter,43.10000881797431,0
5.486678898645383,6.8476337814243,2,Sunny,High,Car,28.841873226863147,0
4.5175278842873405,21.029972582734082,6,Snowy,High,Scooter,75.30772197789837,1
5.704110793028594,18.887036763822557,2,Rainy,High,Scooter,65.07199654386173,1
2.496921151619112,17.333354909830405,6,Sunny,Jam,Scooter,50.32197970808053,1
7.887529208146519,22.6050311357969,6,Foggy,Low,Car,38.54746054820446,0
4.835697643214862,10.255417395875813,8,Sunny,High,Car,27.997808134399044,0
7.234591663176255,23.736815989577792,1,Snowy,Jam,Car,112.09436567812435,1
5.685450692755408,19.660957821301924,5,Foggy,Jam,Scooter,84.14310517167587,1
5.913506438307568,13.81722356390527,8,Snowy,Medium,Car,49.52811402253992,1
6.139534560464408,20.67810073591472,1,Snowy,Jam,Bicycle,174.6267702418133,1
5.8954171200346295,9.468532437941828,1,Sunny,High,Car,34.24404707656188,0
6.285445519735088,10.877429192361632,4,Sunny,High,Scooter,42.739499020026926,0
7.658305060264863,11.957051383801499,9,Rainy,Jam,Scooter,86.71195041281248,1
5.39304233940294,12.355111459679923,9,Sunny,High,Bicycle,63.17079617878351,1
6.418007515177025,9.717211786198735,9,Sunny,Jam,Car,49.98845103936955,1
4.820528611425546,21.115415335476627,7,Rainy,High,Car,64.65861342372085,1
7.880234430898946,13.705727998150842,8,Sunny,Medium,Bicycle,64.06166125117271,1
3.6472153958814606,16.762524841784398,1,Foggy,Low,Scooter,24.441382759764444,0
8.60188086582163,12.148243167931597,4,Snowy,Medium,Scooter,70.6067373758354,1
4.919684098711313,5.896983497257414,6,Snowy,Medium,Car,36.468282992754865,0
2.1384497957639037,,5,Rainy,Low,Car,35.85236287498478,0
5.2562088298215786,5.438725122901115,5,Snowy,High,Car,46.74908559636851,1
3.6378966850502383,14.656829769572656,6,Snowy,Low,Car,28.301594117331945,0
6.681287097977448,8.158424805835947,2,Rainy,Jam,Car,64.4627507337128,1
3.694752041395218,24.936379996154038,2,Sunny,Low,Scooter,33.6675023876384,0
4.107633133570441,19.556813610873608,9,Snowy,Medium,Scooter,50.850848795337065,1
1.220918538108938,15.528768956357402,8,Snowy,Low,Scooter,24.219859901843172,0
4.095387361501847,21.318533388273345,7,Sunny,High,Scooter,53.33575871983365,1
0.5,10.768420112671322,4,Sunny,Medium,Bicycle,12.137299780251727,0
1.8321943530285534,17.717396893350465,5,Rainy,Jam,Scooter,52.84361971438632,1
6.520829312288595,15.999052168593568,9,Sunny,High,Bicycle,81.6109303501167,1
6.571600317301664,16.32010040666835,0,Foggy,Medium,Scooter,59.15859882671536,1
5.85091512356993,21.361767500533837,9,Foggy,Jam,Car,74.38997264247845,1
3.066047713741574,18.66246051389901,0,Sunny,High,Car,45.029738546289416,1
4.90457728771604,16.443618314125118,3,Rainy,Jam,Car,74.66742762213994,1
4.992794921818863,6.725562818858519,1,Sunny,Low,Bicycle,30.717115696244708,0
2.6832706216149145,10.199768523602682,6,Rainy,Low,Scooter,10.0,0
8.006796603534301,14.386455332021379,1,Sunny,Jam,Scooter,67.97361456691004,1
6.7547245811513426,15.466861871383257,9,Rainy,Low,Bicycle,61.884636010884485,1
4.558071652340672,9.34898137663038,1,,Jam,Bicycle,72.36927391075633,1
5.053771677989062,,4,Sunny,High,Bicycle,96.80982154942298,1
5.416765615895105,22.581970276267864,3,Sunny,Medium,Bicycle,66.06583486358137,1
0.9165302631514187,18.010591601962417,7,Sunny,Jam,Bicycle,57.62417584743714,1
4.5056452349588065,15.360184306418724,3,Sunny,Medium,Car,28.83183198221825,0
3.6360315040044027,13.938955150494241,5,Sunny,Medium,Scooter,26.22276953025484,0
2.996759980210169,10.240407699888822,4,Sunny,Jam,Bicycle,56.510231739901954,1
4.43779941422809,15.387402592594313,1,Snowy,Low,Car,37.23485131882693,0
8.595373053699046,16.288762700713754,7,Snowy,High,Bicycle,130.13159053815193,1
6.28168572253402,8.791197122591878,1,Snowy,Medium,Car,42.23801896457085,0
3.8576420204344064,16.670882086224488,8,Foggy,High,Bicycle,72.14529283310029,1
6.145165562712317,14.223704755876255,8,Sunny,Medium,Scooter,40.140038462453404,0
7.798710873172004,5.4609622106130455,2,Sunny,Jam,Bicycle,81.41475383218575,1
6.849267365825538,10.69807494610249,3,Sunny,Low,Bicycle,46.38834232209318,1
5.119260739840349,12.931972332891778,7,Snowy,High,Scooter,62.96614772453687,1
3.706126444588852,24.43843828670095,8,Foggy,Medium,Scooter,46.4600814794341,1
6.39644662722718,17.78276562266879,2,Sunny,Jam,Bicycle,101.14232708619477,1
5.786970770843499,8.322592154500544,4,Sunny,Jam,Scooter,54.41735403703015,1
6.790386440055465,17.430181447088184,7,Sunny,Medium,Scooter,45.597315080838506,1
6.270343603363939,,2,Rainy,Medium,Car,35.93895541614452,0
7.09910543063867,20.413455269435367,6,Rainy,Medium,Scooter,62.27045564015387,1
3.9295295768788643,12.644376740910607,7,Sunny,Low,Scooter,12.025840973789043,0
7.634788131268651,14.531819056304146,9,,Medium,Bicycle,66.75841338964855,1
5.395199209384799,21.62898323771095,2,Rainy,Medium,Bicycle,94.91809944276679,1
9.150521745250531,8.56418215707875,1,Rainy,Low,Car,35.13328741528856,0
3.6216243638208643,8.014409074435044,9,Sunny,Jam,Bicycle,58.862939779050805,1
8.4719276063305,12.082003368269977,6,Snowy,Medium,Scooter,70.15330411879744,1
5.395821566925296,20.191894255096585,8,Sunny,High,Scooter,44.85306181705852,0
3.6971639927711033,7.403269622615788,0,Snowy,Jam,Scooter,53.51356680602282,1
4.032228331891357,,2,Snowy,High,Bicycle,49.724123644851645,1
4.3593053836113596,12.744205707955006,4,Sunny,Medium,Scooter,28.660854551902457,0
5.848331892803833,17.7587039995546,2,Sunny,Low,Scooter,36.54528749011688,0
6.0456709760709995,21.001308748694147,0,Rainy,Low,Car,38.17189934328041,0
3.852599992122842,12.684193189573005,6,Sunny,Low,Car,20.261967861652042,0
4.951290815478035,12.942866964419988,6,Snowy,Medium,Car,44.22566404418536,0
9.284540717223727,20.769503671278734,9,Rainy,Medium,Bicycle,112.54550770679646,1
8.455086340201422,5.651291501522897,7,Snowy,High,Scooter,68.55975153521425,1
5.872647339348064,13.057396124084953,4,Sunny,Low,Scooter,22.532884760224608,0
5.076006956336401,15.95211944962529,9,Sunny,Medium,Scooter,32.30879828961117,0
5.240062653436523,17.24609360642517,4,Rainy,Jam,Car,75.18861277625938,1
6.227035945460833,12.450966534045588,4,Sunny,Medium,Scooter,42.66361735620919,0
2.954414869603189,15.172205058529206,0,Rainy,Medium,Scooter,37.50763062848608,0
4.48524692515331,5.0,9,Snowy,Jam,Scooter,52.994928797758696,1
1.662831852244821,11.70875793833076,4,Sunny,Low,Scooter,10.037119426839215,0
5.798446245210559,17.26754356277234,5,Rainy,Jam,Scooter,81.84902379502108,1
6.294391879405482,10.088529828726603,0,Sunny,Low,Bicycle,37.042198251762635,0
4.033627075401252,15.294921107947987,6,Sunny,Jam,Scooter,49.69026329774921,1
8.147973526580065,17.23436250401349,0,Foggy,High,Bicycle,122.84162009116925,1
2.5484686739953175,13.287253995711175,1,Foggy,Low,Scooter,22.6088107240373,0
2.0712502395803596,15.852318854982855,1,Sunny,Medium,Bicycle,41.04205700241333,0
5.448903637119944,10.186337173576938,4,Foggy,High,Scooter,48.54497634574116,1
7.094196605224309,13.966943601519766,9,Sunny,Low,Scooter,25.2918878720119,0
8.367855382915737,18.051080847946114,6,Sunny,Low,Scooter,37.97911274363263,0
4.0822314742621195,15.78486480484217,0,Sunny,Low,Scooter,31.153634922291147,0
7.157361666862592,,9,Foggy,Jam,Car,68.47691038549333,1
4.922983060998585,16.121082021453965,0,Sunny,Low,Scooter,20.920058071053514,0
4.654745400118361,18.57304895318309,0,Sunny,Medium,Bicycle,61.53916504615497,1
6.767319874973345,5.0,5,Sunny,Low,Car,17.010772515710713,0
6.304645756826839,20.79537032477949,1,Rainy,Medium,Car,51.38885148530862,1
1.8472156860315012,,0,Sunny,Medium,Scooter,24.656776502445023,0
7.9530806994517915,17.12744966620115,5,Sunny,Medium,Bicycle,78.89072479862071,1
7.760182708294903,20.98623461822614,1,Sunny,High,Bicycle,98.0980880385276,1
3.748874596980941,8.14163151384767,5,Rainy,Medium,Car,30.011447960112726,0
5.791607066874818,11.452794987862267,9,Rainy,Jam,Bicycle,100.72308929568898,1
5.988060372565478,13.557256520621475,7,Sunny,Low,Scooter,28.675154367878562,0
5.521347531647814,11.081232394377858,1,Rainy,Jam,Scooter,68.67243794259498,1
3.8993896923091595,23.67468287918404,8,Sunny,High,Scooter,50.46931286794758,1
3.656753264123897,10.716139530866037,7,Snowy,Low,Scooter,27.54806197093108,0
4.9488918580171095,12.222266102565667,9,Sunny,Medium,Scooter,21.277422917121367,0
7.345458038518729,16.021945158014884,0,Sunny,Low,Car,29.054274146736837,0
6.087200309188865,8.989252369619557,6,Sunny,High,Scooter,29.660274546496293,0
4.258771335827788,13.02159644121868,9,Snowy,High,Scooter,47.010792364836014,1
6.54339742129669,16.587266306250875,5,Snowy,Jam,Car,95.51571249954736,1
0.5,13.335697978087444,5,Sunny,Low,Car,10.0,0
7.297531400744207,14.533065705500258,5,Rainy,Low,Car,40.32527698508686,0
1.5205724424438007,12.353339437758146,5,Sunny,Low,Bicycle,31.950472555609686,0
4.275118117193736,7.427648454096165,9,Sunny,Jam,Bicycle,54.77914945097082,1
2.7606602107477123,16.607966056696192,6,Sunny,High,Scooter,37.50633969932018,0
2.4106370485581885,23.774665358236206,2,Rainy,Medium,Scooter,47.51093690710708,1
7.321653574757039,15.09200815391719,5,Rainy,Low,Scooter,59.487482205302314,1
4.064597597376217,16.126320586237746,2,Sunny,Jam,Bicycle,68.87210567136225,1
5.693007763461432,18.463613775584296,6,Sunny,Jam,Scooter,64.49696275207657,1
4.906158842241632,8.653347517266504,6,Sunny,Medium,Scooter,28.316308723947085,0
5.954081654446243,23.512573290648028,7,Sunny,High,Bicycle,85.82881409433051,1
5.15364378212051,16.01164398211401,1,Sunny,Low,Car,30.026224075608383,0
2.4340155516228608,23.159284495445544,8,Sunny,Low,Bicycle,41.39160076098775,0
6.99253363889428,11.334835022380053,4,Sunny,Jam,Scooter,66.94961606818397,1
4.012486833677375,24.090309612789124,8,Sunny,High,Bicycle,71.62686860395952,1
1.886836202680498,18.875777470173915,9,Sunny,Low,Car,17.956143301911332,0
4.143769678068175,17.765200429261792,4,Sunny,Medium,Car,32.217605143487354,0
8.00151958126862,16.17012227176574,6,Sunny,High,Car,50.68952473161121,1
6.7004434842269855,,8,Rainy,High,Car,54.84856993832619,1
4.302695731184282,,3,Sunny,Jam,Car,64.1950665841209,1
4.301484591363143,15.701799349240234,1,Rainy,Jam,Car,56.551578413653814,1
4.356729897565235,5.164651482064238,8,Sunny,Low,Scooter,14.859677128718367,0
9.153495967121682,9.414067691464988,1,Sunny,Jam,Scooter,67.20337052126368,1
5.763870904463107,14.070771239036263,2,Sunny,High,Bicycle,73.35341857758911,1
5.8600832943821395,16.549994915827774,9,Sunny,Low,Scooter,25.44057688712561,0
7.060566908063684,,1,Sunny,Low,Car,18.72867899565685,0
5.477578318053027,21.094853948968314,2,Foggy,High,Scooter,70.45699709686656,1
4.481915708358594,,5,Sunny,Low,Bicycle,24.19350023752914,0
4.607300301830043,15.7179396825258,2,Sunny,Medium,Car,31.977219741452835,0
4.856797481171872,5.910103873064227,9,Rainy,Medium,Scooter,34.58461876735986,0
4.925555526980316,18.79856147742084,7,Sunny,Low,Scooter,31.932233488022963,0
6.4552590872739595,14.527706427789987,5,Snowy,Jam,Bicycle,150.86781702279816,1
5.103891771614599,17.09804986012059,6,Sunny,Medium,Car,30.988317888615246,0
6.465280154431158,10.680585197051169,0,Foggy,Low,Bicycle,48.401033769875305,1
4.838566839782835,21.397324658288756,2,Sunny,Medium,Car,35.847915297108,0
5.157270380632181,20.208623320294258,2,Sunny,Jam,Car,71.66705754566874,1
1.0035986309357847,17.917721515059437,1,Snowy,High,Scooter,44.71306801703079,0
6.832655349404963,14.352413765682796,6,Sunny,Low,Bicycle,48.495501423730246,1
5.692976951795986,17.899286426475662,8,Sunny,Low,Bicycle,54.75275038332216,1
6.996020219719305,11.465537160063256,3,Rainy,Low,Bicycle,54.0780724429715,1
0.5,19.27777829510356,4,Sunny,Low,Car,19.385065154475814,0
9.176749409561456,23.247404471619603,2,Sunny,Low,Bicycle,67.22207945143072,1
4.720820743689653,20.35305279989593,8,Rainy,Low,Car,37.48169277983114,0
7.216365633475033,11.351987650962952,3,,Jam,Bicycle,97.39120641217315,1
2.9201881457489383,16.807086586365514,4,Snowy,High,Bicycle,87.35282300868168,1
6.225547810125139,8.534292281206762,0,Foggy,Jam,Scooter,60.24387385702528,1
2.8931688736526877,,1,Sunny,Jam,Bicycle,76.44920910705147,1
3.7524620786083895,17.253017064312694,8,Sunny,High,Scooter,42.085869716734706,0
8.828062707733572,5.65091830233918,1,Sunny,Jam,Scooter,61.221050268570785,1
4.6186351984733065,9.191080780438181,4,,Medium,Car,26.11519391554867,0
5.434865746359446,13.584305516281164,7,Foggy,Jam,Bicycle,105.14589897273795,1
6.740135461377508,13.49570126429587,2,Sunny,Low,Bicycle,47.34540268299178,1
5.991363775945209,8.952615322905974,5,Sunny,Medium,Bicycle,44.391301081181496,0
5.3008378102871525,16.944893646760917,3,Snowy,Medium,Scooter,57.64285689806337,1
5.729922004932451,16.25736804470256,6,Snowy,High,Bicycle,108.78316688060522,1
9.80683117047655,14.028654340107403,9,Sunny,Jam,Car,75.62174898736995,1
4.884762405932829,11.221042499208185,2,Sunny,Jam,Car,42.684183654311326,0
5.402198093429935,20.243535632082818,5,Rainy,Medium,Bicycle,79.92814936389084,1
7.1013087920152245,23.277035565441476,9,Foggy,Jam,Scooter,107.04556706723345,1
7.211051865915968,12.582192580767314,8,Rainy,Jam,Car,72.17407081207887,1
7.37406061112076,11.939165414225897,9,Sunny,High,Car,37.759120265491354,0
6.277460444058369,17.456038327059982,0,Sunny,Medium,Scooter,31.117784583226758,0
2.713990174539033,13.209853101265068,2,Sunny,Low,Car,12.592087946876662,0
8.266863064602191,14.303013996683829,1,Sunny,Medium,Scooter,42.23118643527243,0
2.707309213962624,18.698265758623357,7,Foggy,High,Car,36.28253338386992,0
5.605270930478066,5.453219562463536,6,Snowy,High,Scooter,43.49462671312559,0
3.4914482999612844,21.591511624263347,1,Foggy,High,Car,55.20756747764393,1
4.871723306814015,15.363402621646706,5,Sunny,Jam,Bicycle,83.55997940401085,1
5.657524820606961,12.942534277189099,2,Rainy,Medium,Car,36.564329425720025,0
5.642714430900546,14.553829228892756,7,,Jam,Car,80.39067844250788,1
5.84384150847057,14.812146775102594,9,Rainy,Jam,Bicycle,116.13190867236239,1
8.227422538117294,6.343993482775373,2,Sunny,Medium,Bicycle,62.66723074906294,1
5.90706860302796,22.47469113726618,9,Sunny,High,Bicycle,89.9515520851017,1
4.511686729418702,15.206628161353093,8,Snowy,Low,Bicycle,54.82836402608146,1
6.928174336576714,17.215010652236877,0,Sunny,Low,Scooter,43.067869091301205,0
7.378940977849281,19.757748852870215,4,Foggy,Medium,Scooter,64.43672407004176,1
2.544784369726015,9.894187712198498,2,Sunny,Medium,Car,11.799565422780564,0
6.194800139699716,17.367359495176142,5,Rainy,High,Car,53.36738693410228,1
6.402345484621796,13.661794545506032,9,Rainy,Medium,Car,37.570265466446415,0
4.404872993280016,19.23385387608247,1,Rainy,Medium,Scooter,43.04359205651458,0
7.751413626623239,5.0,8,Sunny,High,Car,29.394155289314167,0
4.699888825934947,14.504528498793656,5,Foggy,High,Car,40.8084219193383,0
5.2511529069430845,11.985896721080191,6,Rainy,Jam,Scooter,71.64308595584697,1
4.65385635143226,17.161314753170778,4,Sunny,Medium,Car,31.271892816436992,0
5.031158095162935,17.350220936841012,8,Rainy,Low,Scooter,37.43669625635528,0
2.8074498262095964,11.46187052588987,0,Sunny,Medium,Scooter,21.445197530797827,0
2.1198982348114113,11.439130679119781,4,Sunny,Low,Bicycle,18.158459325514137,0
8.189010126449944,14.446673157213352,9,Sunny,Low,Bicycle,56.97914393875471,1
3.3060773033633444,10.516788863423958,5,Snowy,Low,Scooter,30.999401944389547,0
3.0172153010873854,19.209918477260636,6,Sunny,Jam,Scooter,50.43888580608701,1
0.6932197727925704,13.15396399776277,3,Rainy,High,Bicycle,37.5525724940888,0
3.7220765046209956,5.0,0,Sunny,High,Car,29.11994514593456,0
2.3538204131850033,13.125889716890969,7,Sunny,Jam,Car,33.26338993877958,0
8.284030320272738,9.807280895780139,9,Foggy,High,Car,52.38528647747701,1
7.019634178685268,,3,Rainy,Jam,Scooter,73.2473002962516,1
3.6236993096445524,,2,Foggy,Medium,Bicycle,35.504945340786456,0
9.504871610688618,15.54704235916485,6,Sunny,Jam,Car,82.04489957665037,1
6.963530973983189,21.643204141241156,1,Sunny,High,Bicycle,93.18355372745796,1
4.350337232982755,16.565922369324902,7,Snowy,High,Bicycle,100.56736250006665,1
0.5,11.967483058921301,5,Rainy,Medium,Scooter,25.80143708905112,0
9.581885145181484,17.279520975853515,6,Sunny,Jam,Car,78.41119064415143,1
2.220855066472808,12.70454844890504,4,Sunny,Medium,Bicycle,26.95341252330665,0
1.7092025060862164,11.526998154184277,8,Snowy,Low,Scooter,10.0,0
7.045140864019281,9.228186658835078,4,,Jam,Scooter,58.53513945527615,1
9.879504812678546,6.240855966241405,4,Rainy,Medium,Scooter,55.222540069334954,1
7.768545637021036,13.050381467202774,2,Sunny,Medium,Car,34.48807973902069,0
6.12781824010472,15.790267449600659,0,Sunny,High,Car,45.78774053157215,1
6.189508683330572,14.516881649925551,1,Foggy,Jam,Scooter,81.05670267065673,1
6.706831117560616,12.920165360263207,7,Sunny,Low,Car,30.545418621364824,0
6.5178571795735305,10.271269696516095,0,Sunny,Low,Car,25.103033331377237,0
5.562382847938752,18.041230958424844,6,Snowy,Jam,Bicycle,153.0509993927846,1
5.208402207903752,8.414340400267076,4,Sunny,Jam,Scooter,45.186092400788894,1
4.874813744200956,18.880139569217377,2,Sunny,Medium,Scooter,39.37347012881853,0
3.4920708222666477,9.988914905366375,6,Rainy,High,Car,29.552236666018093,0
4.438649846266452,11.237823813234826,8,Sunny,High,Scooter,30.240833105578858,0
1.614086371609229,7.666074046921615,1,Sunny,High,Scooter,15.987385546262443,0
4.8033207464105,12.492989265571817,7,Sunny,Jam,Scooter,51.08723421770412,1
3.022817785698165,19.876562292389895,8,Sunny,High,Car,29.970850518063713,0
2.792821365568458,17.578140442219784,2,Rainy,Medium,Car,32.37825704540441,0
5.359788302306957,19.892110560140175,1,Rainy,Jam,Car,90.84568570424274,1
7.784004572689199,17.61071272966968,6,Sunny,Jam,Bicycle,124.37017604573373,1
6.836633212004626,9.481650857348153,4,Rainy,High,Scooter,51.69811807572288,1
1.858998792753646,13.346053878362213,4,Foggy,Low,Bicycle,36.384855114889504,0
3.020743726859325,11.099004354412687,9,Sunny,Low,Car,16.378847641210207,0
6.881542375976432,21.6528745201952,4,Rainy,Medium,Bicycle,96.45655629921713,1
3.035025212923381,9.016056767868442,3,Sunny,High,Scooter,22.141833874925865,0
4.550733700005951,19.468488446945553,4,Snowy,High,Scooter,68.41398091824146,1
6.100104198049104,19.464769350543847,3,,Jam,Car,79.37905393110391,1
3.0633110902727294,24.148101008580436,5,Sunny,Jam,Car,51.94377202075905,1
5.21075101229192,12.951567036852513,3,Sunny,High,Bicycle,68.29970181424774,1
2.331949010163591,18.561610797900812,1,,Jam,Car,51.38515872024424,1
3.7972647120975727,26.408259182694213,8,Sunny,High,Bicycle,80.83609747988014,1
5.639563868285074,11.911791615331516,1,Sunny,Medium,Scooter,39.79048392383473,0
1.8140125329366614,7.324798762338202,8,Snowy,Jam,Scooter,32.24276434193082,0
5.880949475920798,5.599949830461181,9,Sunny,High,Scooter,26.792438470914767,0
4.960724402146638,18.563560144306656,5,Sunny,Jam,Scooter,69.89284260221933,1
6.104979908834295,5.584248959707081,8,Rainy,Medium,Scooter,41.18206912851509,0
5.447828268129323,13.138404735310386,8,Sunny,Jam,Bicycle,94.26145855405616,1
7.728280859947688,17.186565935194803,2,Foggy,High,Scooter,73.33181068445371,1
5.250449005295814,15.92587768414957,0,Snowy,Jam,Bicycle,146.8580631261147,1
4.141188917749494,17.12722432092086,0,Sunny,Jam,Scooter,60.65466829066942,1
5.244595006064568,16.11144927900427,2,Sunny,High,Bicycle,77.66867045218838,1
6.086596058072776,21.394329066566968,4,Sunny,Low,Bicycle,59.64759652837424,1
5.0977201406514085,10.238418096306015,2,Rainy,Jam,Bicycle,102.59857516452512,1
5.081183382407764,11.615024307707344,8,Sunny,Jam,Car,37.593998764663596,0
3.5960166243864893,11.13670277364588,8,,Medium,Bicycle,46.14810731668615,1
3.6741981648981037,19.150959059313053,2,Snowy,Low,Bicycle,70.95867623972774,1
2.194789456400613,19.501992941975317,2,Sunny,Medium,Scooter,33.923497293759425,0
8.499153486373878,17.25612659659254,4,Snowy,High,Bicycle,146.7878723623809,1
2.51227352921743,20.917468334449637,1,Sunny,High,Bicycle,64.12542331068377,1
3.6141896044081854,9.109795663118096,5,Foggy,Medium,Car,19.523526248745007,0
3.5631854688616054,23.336120557755685,6,Sunny,Jam,Scooter,64.75662126108624,1
6.789848753888883,22.61619310856129,8,Rainy,Low,Car,45.410857659583286,1
4.410100643415944,18.678109986228733,5,Sunny,Medium,Car,32.40398702646214,0
7.495484145347468,23.9089945438553,2,Snowy,Medium,Car,67.65106088173252,1
3.653018751512263,6.716883961611131,4,Sunny,High,Bicycle,36.44153255789633,0
5.557988324447604,12.37775931868674,3,Sunny,Jam,Car,49.18769670650138,1
3.3293058934804853,11.323482696590238,4,Sunny,Low,Car,10.0,0
9.290298255546777,18.607396618786716,7,Sunny,Medium,Scooter,56.43647356938129,1
2.6248031619409744,,7,Rainy,Low,Scooter,20.230897307358912,0
5.619641420454055,18.787475746687427,5,Snowy,Low,Scooter,52.29619436431549,1
6.267553761864197,21.852680719983567,0,Sunny,Medium,Scooter,46.208928851549985,1
5.827598194902997,18.476014500419996,7,Sunny,Low,Car,31.07500387256478,0
4.629424682244584,16.418755118307505,7,Sunny,High,Scooter,37.8009146278947,0
4.740358600533147,10.060633295496254,1,Sunny,Jam,Bicycle,68.9710560701314,1
5.087622943958219,10.765745169373176,3,Sunny,Jam,Car,47.45201087090518,1
4.705995996743023,,1,Sunny,Jam,Scooter,72.01797371414506,1
6.927758233589819,18.896745019526662,3,Sunny,High,Car,44.48962470494941,0
9.421046003182703,14.80490240311228,9,Sunny,High,Scooter,67.98891496943075,1
3.885016429984333,12.910452271170547,6,Foggy,High,Car,32.119266204953966,0
2.2603940408418444,5.0,8,Sunny,Jam,Scooter,18.899396471944367,0
4.82343590329749,9.645737906577807,7,Sunny,Low,Bicycle,41.408005357715176,0
10.159418675308636,24.557095435698617,8,Rainy,High,Scooter,93.02002750411738,1
3.3926508640605384,8.597722144987667,7,Rainy,Medium,Car,13.743942179337798,0
8.278233610888135,15.947399106105403,1,Sunny,High,Car,55.54204035461874,1
8.355401628152881,20.03721986597599,6,Rainy,Medium,Bicycle,90.14933033674794,1
3.892823516584011,8.725386659988537,1,Snowy,Jam,Car,43.14871552128952,0
6.137966158370551,15.923552373905416,1,Sunny,Medium,Bicycle,67.18320065970143,1
8.256793246257075,19.689577687553275,3,Sunny,High,Car,55.1427769607279,1
4.241744518025026,15.062496609536252,0,Sunny,High,Car,47.660251612451034,1
4.592839279795276,29.34201527833384,4,Sunny,Low,Bicycle,57.50695078631166,1
3.8366381721027123,6.657003705609023,5,Sunny,Jam,Car,27.8813670762218,0
2.9704865386142663,20.293642649419397,8,Rainy,Medium,Car,38.795918020644876,0
3.701444909867986,,9,Sunny,Jam,Bicycle,73.5786205487411,1
2.552119466475487,18.859600774183377,7,Sunny,High,Scooter,34.99944068297052,0
5.068166936518452,17.20653575849623,1,Sunny,Low,Bicycle,44.87425479736529,0
3.4600535378827164,11.334219014450017,0,,High,Car,29.81979273079603,0
5.467571823581496,16.1449819622967,1,Rainy,High,Scooter,69.85243942530958,1
1.8882087075927454,5.7104927430085635,6,Sunny,High,Scooter,17.87672174654667,0
5.661760464428914,18.016237502856967,3,,Medium,Scooter,45.739845128896256,1
6.6670579232178495,16.49079232995263,9,Sunny,High,Bicycle,72.6480604937172,1
1.0125287148570892,18.19330084321551,4,Sunny,Jam,Scooter,36.99782903702377,0
5.748113139695144,20.290591625435752,6,Snowy,Jam,Scooter,103.23607870673449,1
7.455337984946585,16.838099201048554,2,Sunny,Low,Scooter,38.94116056752453,0
2.580717962617589,15.740447098991382,9,Sunny,Jam,Car,40.89830863051712,0
8.345144773675408,,1,Rainy,High,Bicycle,103.3613209728283,1
5.838038018732091,11.438896181754746,6,Sunny,High,Bicycle,70.74310700003737,1
3.5899762884831823,20.933673100886654,4,Snowy,Jam,Car,90.57458206690103,1
4.8884618446845876,22.181677028529894,0,Foggy,Low,Scooter,45.755151419242495,1
6.116653825043445,,0,Sunny,Low,Car,31.80996888072508,0
5.152010782824823,15.23001373626637,8,Sunny,Jam,Car,45.50515121929664,1
6.077511984892738,10.476928125031169,4,Sunny,Medium,Scooter,30.64732442645537,0
3.1586528138412673,20.863784226337224,0,Sunny,Medium,Scooter,42.76904309026598,0
5.3387216480721555,18.32708411845889,6,Rainy,Medium,Bicycle,74.46683972021812,1
2.1725710061900396,24.706087182318747,8,Rainy,Medium,Scooter,52.14602734846889,1
4.7775478773026,10.608384614101306,0,Sunny,Jam,Car,49.4590302233502,1
3.1921847170704205,,9,Sunny,Low,Car,19.222252702617546,0
3.528940114820467,16.157229612627862,3,Sunny,High,Scooter,32.7526004873357,0
7.472186350420875,18.232447688628852,2,Sunny,High,Bicycle,88.90033274440421,1
7.182620241188538,13.921661812261839,4,Snowy,Jam,Car,94.86058368880512,1
6.218276241814354,10.635194547731498,6,Sunny,High,Scooter,36.00629453725169,0
2.815374470654842,19.407037644617855,7,Snowy,Medium,Bicycle,70.75314861668943,1
4.367183100610396,18.605676812727907,1,Rainy,Low,Bicycle,65.08974566902843,1
7.426195399958367,10.418629497181374,6,Rainy,Jam,Car,68.97036837525376,1
5.28343382727981,21.77721400552748,0,Sunny,Low,Car,28.879941172539645,0
9.63865907996339,20.85099354598302,6,Rainy,Jam,Bicycle,182.08731377096453,1
5.786635678788744,15.671482486238965,7,Rainy,Jam,Bicycle,123.38924814958871,1
5.3840982329800635,15.397989311880181,1,Rainy,Jam,Bicycle,126.41201520625012,1
4.3817670715949975,17.770288855579537,8,Sunny,Jam,Scooter,53.46666176409657,1
5.267081809564565,,0,Sunny,Low,Car,23.40296300046145,0
4.695060327238912,15.150157395820411,5,Rainy,High,Bicycle,81.89231839532582,1
6.416217353377181,5.0,0,Sunny,Jam,Car,39.34450984599129,0
6.913404633589169,19.38227822751468,2,Sunny,Medium,Car,45.55787968434543,1
3.4280210789841012,7.192533887790703,5,Foggy,Jam,Car,42.621934533286705,0
2.337534092884444,22.517099142144996,2,Sunny,Low,Bicycle,48.316241849406005,1
1.3275892537934069,,7,Sunny,Jam,Scooter,27.684652570842363,0
6.015982653825088,13.941665090344115,4,Sunny,Medium,Bicycle,65.5431318125046,1
2.793266787652253,11.86133046957747,1,Rainy,Low,Car,27.662868223569493,0
0.6942188140950343,13.559805630389619,3,Sunny,Jam,Bicycle,43.140600873202715,0
5.7771572090619285,22.092656725740184,8,Rainy,Medium,Bicycle,84.37582843528719,1
9.985999034865582,5.0,3,Sunny,Low,Car,34.86823377126976,0
4.987858176920214,21.384826930440937,9,Sunny,Jam,Car,60.34203258150115,1
6.676981548903283,16.69011740550854,9,Rainy,Medium,Bicycle,77.17346095875239,1
5.16365871709513,8.964891760713922,7,,Low,Bicycle,32.44325697063955,0
4.8022206936177145,9.62343803475381,4,Foggy,Jam,Bicycle,82.47237632677823,1
6.838152965975537,23.381965136041018,9,Sunny,Low,Bicycle,57.224340457511246,1
4.419450911622698,10.272465600286344,0,Sunny,Medium,Scooter,33.30991326849266,0
5.534784628143806,9.233247447020203,6,Sunny,Jam,Bicycle,78.42142493592644,1
5.643395612392027,20.686572711823647,2,Sunny,Jam,Scooter,78.42622648579575,1
3.6638190927139025,16.692764381429573,9,Foggy,Jam,Car,58.09242811161212,1
6.984084699073046,,7,Snowy,Medium,Scooter,48.192558462628874,1
4.650080486609182,16.083124877023096,2,Sunny,High,Car,35.62560720565787,0
3.4885096810143104,9.871236581798613,0,Sunny,Jam,Scooter,47.9668188643714,1
6.073019687140807,20.504106992113027,4,Rainy,Medium,Car,51.69922297048847,1
3.2030640364179255,20.30685482436567,1,,Low,Bicycle,37.021716931907655,0
5.056362314738257,17.660030994109714,3,Sunny,Low,Scooter,32.41383957630322,0
4.981762006711593,16.808305306235084,0,Foggy,Medium,Scooter,48.99912781831326,1
7.171791131663156,23.80594062433687,8,,High,Car,70.40916859346397,1
5.949396465759905,14.998431636941126,5,Foggy,Medium,Car,34.43389015875646,0
4.949946082509713,9.090629372895993,7,Rainy,Low,Scooter,37.05621570284044,0
6.635532598400574,17.247369564161534,3,Rainy,Low,Car,33.50116572356781,0
7.780415098034627,25.43023524768557,8,Sunny,Jam,Bicycle,142.8689237761854,1
6.115620612703724,9.92620253407074,1,Sunny,High,Scooter,50.59236082210328,1
5.0207052396867615,13.192686166530072,8,Sunny,Medium,Bicycle,49.81692881373986,1
2.376327535299681,17.082230190507264,4,Rainy,Low,Scooter,33.65567448058498,0
2.869772673849255,14.730475754971303,5,Rainy,Low,Bicycle,37.74677711836151,0
4.389550591290664,10.088482098113428,2,Snowy,Low,Scooter,35.620933095962485,0
3.7809755956814337,20.609289281152353,3,Foggy,Medium,Car,38.80683488814407,0
4.626057394029108,26.600203610086297,5,Snowy,Medium,Scooter,64.7108555800907,1
5.113299849794214,15.980657295119537,6,Foggy,High,Bicycle,85.89086092753068,1
6.059385508713461,,0,Sunny,Jam,Scooter,53.218196461667425,1
4.859002443881818,7.255197374732624,6,Rainy,Jam,Bicycle,78.64097519403187,1
5.9730032876524035,16.289879906105906,0,Sunny,Jam,Bicycle,104.7895659176136,1
5.12894882962024,20.519386716581288,4,Sunny,Low,Bicycle,51.14312257993794,1
1.0490668672922574,17.375838732476907,5,Foggy,Jam,Car,41.69109919243504,0
3.1213292123624914,14.987980795405731,1,Snowy,Low,Scooter,35.005454354890624,0
4.7118248885567695,12.053641741053468,9,,High,Bicycle,61.49081613264872,1
2.580610514317785,9.53918183640955,8,Sunny,Low,Car,10.0,0
6.199857459992409,19.17375663162441,9,Rainy,High,Bicycle,103.66294345790473,1
8.061501664687395,19.568858106927927,5,Rainy,High,Scooter,85.22491583482687,1
7.437523703394634,7.271351066546334,6,Foggy,Jam,Car,54.54165446904917,1
4.573114258139584,22.94919489090342,9,Sunny,Jam,Bicycle,100.34449608398715,1
7.9814522736999045,17.870356104470005,7,Sunny,Low,Bicycle,59.91078885837027,1
5.297334914404223,21.997973225728966,9,Sunny,Medium,Bicycle,68.03872723868933,1
4.325828057763921,8.289361257574424,0,Sunny,Jam,Scooter,47.523079940703646,1
3.7731946729181205,8.170879222922807,7,Sunny,Jam,Car,31.26191468528823,0
4.395060627023743,14.255153451163515,3,,Medium,Car,29.911729640521237,0
4.223646362917543,,9,Sunny,Medium,Car,28.753529439900696,0
5.340832444750975,23.98180411463482,7,Sunny,Jam,Bicycle,119.34359589022509,1
5.3211479620997295,18.530394569075657,5,Sunny,Medium,Car,35.234796705327206,0
5.006092040306829,13.786593615939832,8,Sunny,Low,Bicycle,45.37815389924735,1
5.8738763394927,9.86815396167054,3,Snowy,High,Scooter,55.2812053790596,1
7.381292549572683,,1,Rainy,High,Car,70.30741887091268,1
6.899108270882648,10.176472871246425,1,Rainy,Jam,Bicycle,125.38455693918165,1
2.030204063100193,23.142342773861607,4,Sunny,Jam,Car,42.08490158258913,0
0.5,13.578076751967453,9,Sunny,Low,Car,10.0,0
6.868639822478547,22.952910363089252,8,Sunny,Medium,Scooter,44.61289432299806,0
2.266242603169158,18.39465645029639,2,Sunny,Jam,Car,35.51933179051996,0
4.550469196214633,14.315022552787708,7,Snowy,High,Scooter,58.488723795016554,1
2.659773947881281,12.403018140869367,3,Sunny,Low,Car,20.167928485813896,0
1.3960391248399606,13.2954606132696,5,Rainy,Low,Car,18.282852795636686,0
6.082925456409576,17.141583461876188,9,Sunny,Medium,Car,36.870238908157184,0
6.518310320605294,15.385782481088583,5,Rainy,Jam,Car,83.4041321955803,1
3.846979198546561,12.030942959656475,2,Foggy,Jam,Car,46.8556529280579,1
0.5,14.17184294841184,4,Rainy,Low,Car,29.1628184479268,0
3.9075111034950343,15.392885148595749,2,Sunny,High,Scooter,37.94605056830211,0
5.783608010805093,5.0,0,Foggy,Jam,Scooter,52.57932254857821,1
2.0421768624517425,17.290840573943495,6,Rainy,High,Bicycle,61.95770796245489,1
5.3667198395583116,10.101393876415965,3,Sunny,Low,Car,24.284314392303365,0
4.969380301654009,9.233337983971275,6,Sunny,Jam,Scooter,43.830440682981724,0
6.158582999202177,6.563278264446449,2,Rainy,High,Car,41.572509672107934,0
5.239160736828307,,4,Rainy,Low,Car,21.853669529860607,0
3.0538621182368892,8.222762484438555,4,Sunny,High,Scooter,22.93700052258946,0
7.393143003328983,11.454895211847548,1,Sunny,Jam,Car,59.4878407774216,1
4.68294085394606,24.76629568763284,9,Foggy,Medium,Scooter,49.1426525140551,1
4.945390920980136,12.370601620523981,1,Sunny,High,Scooter,38.29368366561113,0
3.133464081853608,15.888750531340158,3,Sunny,Medium,Bicycle,49.38471445152673,1
4.11343549761698,17.002406932531642,3,Sunny,Jam,Bicycle,85.06052795674069,1
3.2303945719461984,15.655325931079243,3,Snowy,Medium,Bicycle,68.85333806521379,1
4.654107880153154,,5,Sunny,Low,Bicycle,35.915200802802005,0
8.423416960284687,9.023531182003776,1,Rainy,Medium,Car,44.35505388012689,0
2.2561977141372873,22.25463774139606,5,Sunny,High,Car,29.647861954173063,0
1.7728772042465177,24.035983218189426,6,Rainy,High,Bicycle,92.13441554727642,1
7.942340654987217,6.586706529386571,9,Snowy,Medium,Scooter,57.12200967816706,1
4.581352645696268,9.879857045568102,2,,Low,Scooter,25.60120994905034,0
3.6618545226801666,13.600948288114969,7,Sunny,Jam,Scooter,56.42853731376008,1
7.079809374792153,10.177311025449043,1,Sunny,Medium,Scooter,41.05151723670623,0
3.788768920526272,17.529827767279325,7,Sunny,High,Car,33.78301885984864,0
8.652019427093872,11.358638987966934,4,Snowy,High,Scooter,83.8206671912676,1
6.355851742678539,25.825280339033014,1,Sunny,Medium,Scooter,60.17533445787806,1
4.024177183708595,20.95274297171798,6,Rainy,Medium,Bicycle,69.87756150841456,1
9.314616426531007,16.062870153161075,1,Sunny,Medium,Scooter,46.44397438297211,1
3.788570153993323,20.13493131659866,5,Sunny,Jam,Car,54.97152536344809,1
6.484190744018614,20.529502121786543,9,Sunny,High,Scooter,52.53886286301989,1
5.598585160812984,12.180262559708783,2,Sunny,High,Scooter,31.164520225929227,0
7.603482578797596,10.918913777290175,8,Sunny,High,Car,34.30809046350867,0
8.123022393453706,15.390715314848237,2,Rainy,Jam,Bicycle,152.50602998454875,1
5.064008298131533,19.308180622489722,2,Sunny,Low,Car,29.601124628597713,0
3.4931642593076333,15.695301993267089,4,Sunny,High,Bicycle,57.28313373209396,1
5.919944285878233,7.115017589045014,6,Rainy,High,Scooter,55.53194007220266,1
3.6445692604957878,10.985877780245788,7,Snowy,Low,Bicycle,44.78094123039411,0
9.026774495053246,14.63013568202811,6,Sunny,Jam,Bicycle,123.52200494924408,1
5.273070662165475,14.621671978370848,8,Rainy,Low,Bicycle,47.230263594618705,1
4.269356897375783,24.862710883949042,4,Sunny,Low,Scooter,35.515103884500014,0
5.3693606117298165,8.07006028800501,9,Rainy,Low,Bicycle,44.31837185608803,0
2.305747420940607,17.527946209179373,2,Snowy,Low,Bicycle,47.12537665709673,1
3.056771922978697,22.44556554164145,5,Snowy,Jam,Scooter,87.67768413354784,1
7.400827815888851,26.35724872711398,4,Rainy,Jam,Car,111.55051038508223,1
3.6862114420572087,12.978012884080194,3,Sunny,Low,Car,16.920618223462046,0
2.906178034636121,17.457147263600998,1,Snowy,Medium,Car,40.449570428584956,0
6.073305505054572,17.848801785993235,6,Sunny,Medium,Scooter,42.986349556183235,0
7.371408309325994,15.977408657766453,4,Sunny,Medium,Scooter,53.8943211618724,1
6.437906621330134,14.50577399380347,3,,Medium,Car,33.10445950843837,0
6.992095371611633,17.17987694750023,7,Foggy,High,Bicycle,108.36763066269205,1
3.4864098228610785,5.0,8,Snowy,Jam,Car,27.018497490581773,0
2.1563786665163125,18.410347450313157,8,Sunny,Jam,Scooter,46.50078119313412,1
8.002667303910973,15.630889518309836,2,Rainy,Low,Bicycle,74.62539225310722,1
4.354640322315729,13.887625516108674,2,Snowy,High,Bicycle,87.29917445997154,1
4.498333967089906,25.23431097859779,4,Sunny,Low,Scooter,40.019650757651775,0
7.656388283698115,11.625329906047238,4,Sunny,Low,Bicycle,48.81863880878628,1
6.11246001880132,12.984620054674846,9,Rainy,Jam,Car,57.03996957968222,1
5.911775544163215,24.95776651102367,1,Sunny,High,Scooter,55.59779347401706,1
9.330004689802168,10.839693475750718,0,Sunny,Medium,Scooter,50.205783845970885,1
3.712963539239714,,7,Rainy,Jam,Scooter,49.12347739327445,1
6.855680256162474,14.26487288284575,2,Foggy,High,Scooter,65.44155047830361,1
5.114026249794169,19.203672410647748,0,Rainy,High,Bicycle,101.6701895826443,1
5.537184557726514,16.039012536766567,0,Rainy,Jam,Scooter,84.04004948673088,1
8.056936852825064,8.536873264238686,1,Sunny,Jam,Scooter,64.50799677943638,1
6.015671512579248,12.339157184364051,5,Sunny,Low,Bicycle,45.653047684053114,1
6.076592158099266,11.963227833938943,5,Rainy,Low,Scooter,30.863475732675553,0
7.145014674619604,14.613894773884772,2,Sunny,Low,Bicycle,53.28486366660401,1
4.270094540914229,17.129218293149144,3,Snowy,Medium,Bicycle,73.6391412025016,1
3.3215806653219873,17.09102877943986,1,Sunny,Jam,Scooter,54.42976543082598,1
2.910381611957933,6.119941229757989,1,Sunny,High,Car,22.335817537625722,0
1.0672868212479965,20.319704937804282,6,Sunny,Jam,Scooter,44.87286011715812,0
9.112414259880644,16.262844229983116,0,Foggy,High,Car,72.10554864289904,1
2.7935832685566337,21.92266023796953,6,Sunny,Medium,Bicycle,48.04606390308454,1
4.557492752828456,17.22099163645336,0,Sunny,Jam,Car,54.061606743489286,1
4.446373400222159,20.50661478867881,5,Sunny,High,Scooter,47.07872341839345,1
5.614813395618201,17.332726557250634,2,Snowy,High,Scooter,74.38142823855182,1
6.6314744250785935,21.73112878101374,7,Sunny,Low,Car,29.12727998724014,0
6.720946976719491,17.611253180088895,5,Sunny,Medium,Scooter,40.66980018517212,0
3.8338451228621233,14.510423767785479,1,Sunny,Jam,Car,39.71752510498196,0
4.665756572427177,26.362173602234407,7,Rainy,Low,Bicycle,66.73014116393317,1
5.5651599009765995,19.44518561139946,4,Sunny,Medium,Car,32.660959269227895,0
4.502617747632906,17.868722105022066,7,Sunny,Low,Car,27.241184550076113,0
8.214691152039986,8.61847791730832,7,Sunny,Jam,Car,56.212420372512184,1
5.981949903276503,8.558461912682311,5,Sunny,High,Car,26.202675320479337,0
6.4697555720996345,16.463577410709267,1,Rainy,Jam,Bicycle,137.3740353284299,1
6.325762537334826,15.727605988841203,7,Sunny,Medium,Bicycle,62.43113018834386,1
7.34694771497065,11.92938717495842,5,Foggy,Jam,Bicycle,117.55037230259781,1
5.3620431174074135,15.7049134980603,5,Foggy,Medium,Car,30.696778534233513,0
2.406336104088307,22.943134640217977,7,Sunny,Low,Bicycle,53.031357160796055,1
5.799375903505283,18.477012372751492,0,Rainy,Medium,Scooter,55.13042437663229,1
3.697286212416342,9.294957451236309,1,Rainy,High,Bicycle,53.31354255882451,1
3.9427666365004863,14.442455864285282,8,Snowy,High,Car,48.87241406119872,1
6.172728037510186,10.975167595737195,7,Sunny,High,Scooter,40.312010900837954,0
7.476566142867272,13.061500417957195,6,Sunny,Low,Car,20.524864460400096,0
5.042543153472123,12.931921671851786,6,Sunny,Medium,Scooter,31.13830566273761,0
5.617666025197927,12.611772086979974,4,Snowy,Low,Car,41.81217417157559,0
8.404429889270476,8.724323140133025,1,Sunny,Jam,Car,58.06564750453103,1
5.4815063589771365,,5,Sunny,Jam,Scooter,48.81149860259742,1
10.203366228360789,12.19696181576345,9,Sunny,Jam,Bicycle,125.63078955548397,1
6.1310192912630885,5.0,2,Sunny,Jam,Scooter,48.800615973819305,1
1.4784744816883646,25.264860122508317,3,Sunny,High,Scooter,40.11836496722056,0
6.506683242209065,20.44384827108336,9,Sunny,Medium,Scooter,40.561369590556545,0
5.7623167697655555,13.11849637537502,1,Sunny,High,Scooter,56.39745152829577,1
7.579505508165491,15.094095248702992,1,Foggy,Medium,Scooter,50.68788945919672,1
6.346362702539917,9.14172826341219,7,Sunny,Medium,Car,20.64953725613848,0
4.723088032032452,23.47861438905433,7,Rainy,Low,Car,39.69474340714359,0
2.5514035274212685,24.486443473865556,9,,Jam,Bicycle,94.79617379724009,1
4.58195348542795,15.783468641232623,5,Sunny,Medium,Bicycle,53.31496101908124,1
3.2989590915813998,20.117653220926723,4,Snowy,Jam,Scooter,75.70325271548428,1
3.8389531003905546,15.876433894669619,7,Rainy,Jam,Bicycle,100.03018593433613,1
6.177156808841219,8.316372805620347,3,Sunny,Jam,Bicycle,84.80796992207571,1
8.339809008702812,12.940883155181714,3,Foggy,High,Scooter,68.4620056530308,1
5.7893430596459625,15.659639833859785,4,Foggy,Jam,Car,61.575479897496564,1
2.6082338759296313,12.727261406282778,0,Foggy,Medium,Car,32.255494096256655,0
5.889205336440281,13.90673361282482,0,Sunny,High,Bicycle,75.86677524535864,1
7.393262973291302,14.543002212454427,1,,Jam,Car,62.64910435278351,1
3.780434191361236,14.595607510672693,7,Rainy,Low,Car,30.569161071017003,0
4.7319656666541645,15.261292452487416,6,Rainy,Jam,Bicycle,121.88181802434475,1
5.0293763894583945,9.696974668016995,9,Sunny,Jam,Scooter,39.798306696557276,0
3.43020337383552,11.414919254360319,8,Rainy,High,Bicycle,62.26590433542527,1
6.2965608676877185,8.577078671500153,4,Sunny,Medium,Bicycle,57.36989417465399,1
4.758103702784437,19.889077748431003,1,Sunny,Jam,Bicycle,105.25531433683061,1
5.839064887814056,5.0,6,Sunny,High,Scooter,27.00387769834174,0
3.2250156443958,20.767951716584626,7,Rainy,High,Scooter,57.05841356926239,1
4.125083399353179,21.931746986314216,6,Sunny,Medium,Scooter,45.01781292101032,1
6.444762715655543,13.489097065086893,6,Snowy,High,Scooter,65.77378439249962,1
4.254333695816466,5.0,4,Sunny,Medium,Bicycle,29.822918420956245,0
8.45392770246681,,1,Rainy,Low,Car,42.38976935150453,0
4.200727628770795,14.679079193555904,5,Foggy,Jam,Bicycle,92.55548530375518,1
5.449369451503772,9.947008900355433,3,Rainy,High,Scooter,50.983252989372154,1
6.8651816637461796,12.423908030958787,9,Foggy,Low,Car,29.864956121160493,0
2.1632685341339366,22.650975994316756,1,Sunny,High,Bicycle,68.28350949046552,1
1.4783823760384482,18.324635811508706,8,Sunny,High,Car,31.74776095158591,0
1.9486873708598105,10.3771794281095,6,Sunny,Low,Scooter,10.0,0
7.525168206854364,7.01200415202284,5,,High,Car,36.89316689971589,0
3.8962837082151065,13.364913411951145,4,Snowy,High,Car,47.340823088688715,1
10.116398571336504,13.93271610324781,2,Sunny,Low,Scooter,44.298985184205236,0
3.871504802685223,,9,Sunny,High,Car,33.82871943139615,0
5.369102606394074,12.323416437161704,9,Sunny,Medium,Bicycle,41.7719891002689,0
8.08421990513575,17.557497876809308,3,Sunny,High,Car,60.9631556985788,1
9.012185776318246,24.675770200301145,2,,Jam,Bicycle,163.5407883187809,1
9.123007153272795,19.077505112221314,7,Rainy,High,Car,78.93668811487856,1
7.416732461186285,14.759557463346137,2,Sunny,Jam,Car,67.12767742935857,1
7.048125051622925,14.084247644733527,6,Sunny,Jam,Scooter,68.11249141901048,1
6.185053898402366,13.216634329100645,6,Rainy,High,Scooter,63.8010183562951,1
6.5567221523332755,20.903204562260722,6,Rainy,Low,Bicycle,63.90234696140442,1
3.897628567342933,11.863432770243485,6,Sunny,Medium,Scooter,25.248270772767434,0
3.363602233155386,15.226113544999913,1,,Medium,Scooter,42.207321426561364,0
4.993251085178096,15.255989509405426,9,Sunny,High,Scooter,41.58270463751602,0
4.659630754950143,12.49107903594234,2,Sunny,Low,Scooter,30.933109126658312,0
4.093543901345449,8.137672260579496,9,,Low,Scooter,16.01347484569623,0
6.392774894913431,16.61487251808834,8,Sunny,Medium,Bicycle,58.62529327173818,1
6.910610417141021,14.694980140723082,2,Rainy,Low,Bicycle,61.065927065982756,1
5.176813772583695,17.50120234718285,1,Sunny,High,Scooter,48.501082936308954,1
7.955060162110524,12.331998467804166,8,Sunny,High,Scooter,53.657156915757,1
2.71662177173299,21.10410649406524,9,Rainy,Low,Bicycle,48.33980439300536,1
4.612681081440564,10.616131093940776,8,Sunny,High,Car,18.26281084145925,0
3.5663553587943904,23.560201420089463,3,Sunny,Jam,Bicycle,112.6490032454747,1
1.26692676585388,6.2618174508586915,8,Rainy,Medium,Car,11.489811609534913,0
4.834638628314601,17.173850322784457,2,Sunny,High,Scooter,45.4087813686376,1
4.756504983233433,17.377153412633117,6,Snowy,Low,Scooter,51.42497656952199,1
8.026899486484261,11.022214660295589,6,Sunny,Medium,Bicycle,60.89264032296609,1
6.2616233691095555,17.12196968930506,7,Rainy,High,Scooter,73.17849666159194,1
2.95162635134159,21.397593348800793,9,Sunny,Medium,Car,33.67841693676991,0
8.708185132668376,5.0,3,Snowy,Low,Car,33.21180875594112,0
7.442067391050706,17.51372403745407,2,Sunny,Jam,Bicycle,120.81975171388386,1
6.164195406937232,5.0,2,Rainy,Jam,Car,61.37746555806388,1
4.547031802300336,10.17167598238396,4,Sunny,High,Bicycle,46.58548217415215,1
3.0811215265530407,23.145831824504725,0,Sunny,Jam,Bicycle,92.23571625222984,1
4.255586447857894,12.09108983303973,9,Sunny,High,Car,24.226355565619638,0
7.177497239408372,9.130600177955138,2,Rainy,Medium,Car,45.5463854825273,1
8.769172611869218,14.01031135507659,5,Foggy,High,Car,62.785370002361816,1
8.086487056544378,25.33953169081776,2,Sunny,High,Car,54.79180892159707,1
4.022301156427452,,4,,High,Car,23.343940365477607,0
2.7607651334219776,9.743450441803278,8,Snowy,Jam,Car,42.328394358706944,0
5.281772493822408,22.487158415898133,1,Sunny,High,Car,49.53748884127143,1
1.4631212688742967,24.288511717688664,1,Foggy,Low,Scooter,29.728350146968282,0
5.646335428369563,14.48284387854858,5,Rainy,High,Bicycle,91.15020283626818,1
4.7047948274026625,8.804736487366789,5,Rainy,Medium,Bicycle,56.38303447033977,1
4.067926996263515,25.479217509045796,7,Sunny,Low,Car,26.451206841433585,0
1.810593865466409,22.972211958745984,1,Sunny,Medium,Bicycle,42.21490824457679,0
6.027200213139433,18.394734938811165,8,Rainy,Medium,Car,44.55914187420984,0
3.9345983206761774,10.937988255312899,1,Foggy,Medium,Scooter,36.02960147598281,0
2.660166328579424,14.754853295809816,0,Foggy,Low,Bicycle,38.81848237747408,0
0.5,14.198199594775847,9,Sunny,Low,Bicycle,11.559554586362967,0
4.9449701898987275,16.65425652307789,1,Sunny,Jam,Scooter,66.29454843014506,1
8.544503193339487,22.25500719065668,6,Sunny,Low,Scooter,51.9652575056667,1
8.32251842909574,19.397085205687016,7,,High,Scooter,96.42051885974665,1
4.0858074868274565,9.613119615076208,4,Sunny,Medium,Bicycle,29.338021436097453,0
3.7955758792764387,21.882482250097688,5,Sunny,Jam,Bicycle,95.7184769536833,1
5.937548512150047,16.565660700065777,0,Sunny,Low,Scooter,35.13600064064227,0
3.0032291216234173,18.43532897929458,5,Sunny,Medium,Scooter,26.38545307673917,0
5.6035837996389315,22.332704296393015,7,Foggy,Low,Scooter,46.38900799072884,1
6.53216055676938,9.442098752432244,2,Sunny,Jam,Scooter,52.539855270981775,1
7.453866447768615,14.820872106467686,0,Sunny,Low,Scooter,37.31060981178366,0
4.799691847040094,12.342727243203925,3,,Low,Car,20.89117602851349,0
4.592652499646068,7.1607028731727205,0,Sunny,Medium,Scooter,28.205666437283536,0
3.244034826486878,16.733549888024598,7,Sunny,High,Car,31.363317877107725,0
3.3462392919202797,27.55778275792212,4,Sunny,Low,Bicycle,53.41229245012814,1
4.547042216196947,5.799611277471236,0,Rainy,Jam,Bicycle,71.80455171047247,1
5.734731013632356,14.838596944752648,7,Sunny,Low,Car,24.871500260338095,0
6.827169252466499,18.20271467537387,8,Sunny,Low,Scooter,33.38318492597866,0
3.3936420986393103,15.615391008280906,9,Sunny,High,Bicycle,49.189062653307346,1
7.985377137919043,14.434359737421298,1,Rainy,Medium,Scooter,60.18662131793051,1
4.457752797914862,8.503918182770878,8,Sunny,Jam,Scooter,41.57420985331142,0
4.957265411303128,16.163933714700818,7,Rainy,Medium,Car,37.41381396316802,0
3.5055766417043532,11.216180114920368,6,Sunny,Medium,Bicycle,40.77708422737895,0
0.5,5.0,2,,Medium,Bicycle,15.52987154718079,0
6.7680907927220995,20.972961102568654,1,Sunny,Low,Car,29.404696028753566,0
6.473687794184867,19.79192909921021,6,Foggy,High,Scooter,74.27035644174508,1
4.437344885763573,15.258304884255399,4,,Low,Scooter,30.4052791984463,0
5.133981434449744,16.145373441028514,5,Sunny,Jam,Bicycle,97.1511092894409,1
6.031878435408199,20.371590063577806,3,Rainy,High,Car,66.51227351889479,1
1.8749082862269146,16.121698283890414,1,Sunny,Medium,Car,10.775587135920041,0
3.9418946453074106,19.520087773806573,8,Foggy,High,Scooter,57.885482033795974,1
6.588529359243655,13.51258899563075,2,Sunny,Jam,Scooter,65.86029256332336,1
2.491421153661501,21.559918692869733,6,Snowy,Low,Car,37.091216352241574,0
5.587115864333258,16.603928629663418,7,Snowy,Low,Bicycle,74.27379173986051,1
2.28683639075319,15.97025971802937,1,Foggy,Medium,Scooter,42.05769276523889,0
5.932859964867053,8.64969455643984,5,Foggy,Low,Car,22.69825939796877,0
4.9287170354050325,16.434779271508543,7,Snowy,Low,Car,35.10961314739796,0
1.769736368188981,10.840225412527744,6,Rainy,Jam,Car,29.694733566564807,0
7.329478708914342,11.80858636735753,2,Sunny,High,Bicycle,69.69358785475065,1
3.5308168464039014,10.923121858419394,0,Sunny,Low,Scooter,16.25791622970762,0
3.3794951259712382,9.668825340503876,5,Rainy,Jam,Scooter,39.74018413653364,0
5.401138394461886,25.62385701508481,7,Foggy,Jam,Scooter,99.0187323292915,1
7.29727469885743,21.656695309942016,5,Rainy,Medium,Bicycle,109.34256823505389,1
2.968356362043206,24.601837510721307,4,Foggy,Jam,Scooter,88.67444744154332,1
5.123359699695944,8.88552490222218,7,Snowy,Medium,Scooter,35.89824658214802,0
5.857633000661146,15.356268749554463,1,Sunny,Low,Scooter,31.068395863341713,0
6.386211214526288,8.532461873979521,0,Sunny,Medium,Scooter,39.39602552332404,0
5.35288311055445,11.52152561401468,0,Sunny,Jam,Bicycle,84.902259658073,1
4.265944321833356,10.409365082917127,3,Sunny,High,Car,29.806079781883778,0
3.344819558702561,21.197920032207808,5,Sunny,High,Car,37.44306700076361,0
5.172287766092749,13.0188516094912,8,Foggy,Low,Scooter,36.13436511403938,0
2.855721976028786,20.34189666847008,0,Rainy,Low,Scooter,32.21652658199104,0
0.5,18.02060444794259,0,Sunny,High,Scooter,31.685281999143715,0
5.873119608315336,26.518193760523943,4,Sunny,Medium,Bicycle,79.17226386645896,1
6.807869682172391,7.6027788843013795,9,Sunny,Low,Scooter,23.7432477142353,0
0.5,21.296166198933996,4,Sunny,Jam,Bicycle,70.32714688396992,1
2.980538590580125,20.732204352003638,4,,Low,Scooter,27.842506598408022,0
6.238308522010396,10.133105809864826,9,Sunny,Medium,Scooter,27.444999701387975,0
9.114990939423397,20.0356666823658,5,Sunny,Low,Car,39.657519305470394,0
5.041587415350816,16.680724815131143,7,Sunny,Jam,Scooter,52.15045577417805,1
3.543994117541731,13.86261870023296,2,Foggy,Jam,Bicycle,90.24413744627219,1
4.63420711779032,10.880322565140002,8,Sunny,Jam,Car,43.959127564077164,0
7.74975283829637,,0,Sunny,Medium,Bicycle,59.09360760652694,1
3.708071641750929,25.24906047892963,3,Sunny,Medium,Car,32.437622718725265,0
3.401615986699493,,8,Sunny,Jam,Bicycle,68.52602788130227,1
4.034512955635935,18.910650007657296,7,Rainy,Jam,Car,67.14534925810551,1
3.0933427834825755,11.045503091662233,9,Rainy,Medium,Bicycle,44.141173364715286,0
5.245340631989591,11.100735268891807,8,Sunny,Medium,Bicycle,52.38362261619944,1
8.24935691693912,20.40992404624971,0,Rainy,Medium,Scooter,77.89192696398041,1
5.6461585462320585,8.252118942242339,8,Sunny,High,Car,33.40929817220152,0
4.495292995747425,12.923931160473643,2,Rainy,Medium,Car,35.861690682530345,0
4.416377462168912,15.17013705536116,9,Sunny,Jam,Scooter,47.703918453237755,1
1.873618382606686,15.556863009200262,8,Sunny,High,Bicycle,52.048052020402025,1
6.766219554294318,14.104533574919218,0,Rainy,Medium,Bicycle,79.26525918304554,1
4.8443256059743955,16.979098905479617,0,,Jam,Car,84.59875057945968,1
4.639040172818749,18.464278779089057,8,Rainy,Low,Bicycle,62.280490572935165,1
11.38621513568972,18.67318772729665,5,Sunny,High,Car,67.54599901422627,1
5.597505816731372,10.070980956660867,3,Sunny,Jam,Car,51.5352439233089,1
3.4964178998096314,,6,Foggy,Low,Bicycle,42.60022049812543,0
4.147284807588913,20.97381430938469,4,Sunny,Jam,Bicycle,103.19019880715061,1
7.29689141839351,19.47323593786936,9,Sunny,Medium,Bicycle,72.19176614402149,1
5.226540821075529,8.135702742594681,6,Sunny,Medium,Scooter,25.388891935892694,0
2.1234440433652666,16.757399501761007,7,Sunny,Low,Car,17.223331893644822,0
6.838457869150407,5.108873753125948,7,Sunny,Medium,Bicycle,42.312442857418894,0
3.663711828922012,15.234674510301849,0,Sunny,Jam,Scooter,46.03019090198852,1
8.74659555243509,24.488835083729885,7,Sunny,Low,Bicycle,67.58883530663464,1
7.160096131429297,10.260536413655068,5,Foggy,Jam,Car,68.23935967349394,1
4.1053562086824975,10.82838477254209,3,Sunny,Jam,Scooter,38.49205042234935,0
7.562032723470226,18.820148907864297,7,Sunny,Jam,Car,67.52987840588806,1
5.1357110210548065,7.28599242395177,2,Sunny,Medium,Bicycle,34.5971080294758,0
6.705547350244439,11.836224850574805,3,Rainy,Medium,Bicycle,70.98111380886692,1
5.96946563458895,17.982205687908763,5,Sunny,Jam,Bicycle,104.39546125450805,1
3.3072866900182527,11.828570761552985,6,Snowy,High,Scooter,43.90730057928504,0
3.712900335365076,13.820150063945142,3,Sunny,Jam,Scooter,41.27588000383038,0
7.059921635162322,18.720928551575174,3,Snowy,Jam,Scooter,117.2744278594541,1
4.330449335786918,17.107730417682806,6,Sunny,Low,Scooter,22.304597617804074,0
4.1927030735160065,16.33409198147701,5,Sunny,Jam,Bicycle,81.05381755744457,1
3.089754841301294,13.304388603649807,7,Snowy,Medium,Bicycle,61.15146421089494,1
5.847198131186922,16.850305576344777,0,Rainy,Low,Bicycle,71.84116992360259,1
9.12504983848629,14.381336599501218,9,Sunny,High,Scooter,51.57987499382568,1
2.8649341714914542,17.289028049628925,6,Sunny,Low,Scooter,30.72716004949402,0
5.0484389133455165,12.51533987441011,6,Sunny,High,Bicycle,56.68604449891009,1
7.8244411108308585,14.087155128102294,6,Rainy,Low,Bicycle,67.23788239500054,1
4.84071721750857,10.05021103723993,6,Sunny,Low,Scooter,17.114088753061736,0
5.904743592499468,14.82496194996882,9,Sunny,High,Car,38.73129477518943,0
2.8752129437062406,10.944995681855776,9,Sunny,Medium,Bicycle,40.63489337359877,0
5.856614194415297,9.429767749190034,7,Rainy,Medium,Bicycle,51.98079108313562,1
4.625711469990902,16.293305739276942,8,Snowy,Medium,Bicycle,67.17575708586618,1
6.971459991359726,16.063698879288303,8,Rainy,Low,Scooter,45.41405513811317,1
7.374772103129502,18.914368674742864,1,Sunny,Jam,Bicycle,125.4627508170206,1
10.179127284037229,,6,Foggy,Low,Bicycle,75.35051825670124,1
6.1592663464271515,17.04026423418378,6,Rainy,Jam,Bicycle,138.49944414359607,1
5.6515926331643325,17.753987861368316,3,Snowy,Jam,Bicycle,149.0331409569257,1
5.388768603154672,17.223869039157975,8,Sunny,Medium,Bicycle,51.377965866040796,1
4.293667414378623,10.87173158598929,7,,Jam,Car,38.92460120178977,0
5.6769676869233825,15.746817411355945,0,,Low,Car,46.288059023756375,1
4.409197179721941,16.820701480273307,1,Sunny,Low,Bicycle,47.37584282960895,1
5.336921952539228,15.03589233453971,1,Sunny,Medium,Bicycle,58.420004694604536,1
7.63519507121592,5.0,7,Snowy,High,Bicycle,85.31296761822496,1
2.9869148694407177,15.8024481198674,0,Snowy,Low,Bicycle,57.8292090525861,1
7.279757122258091,26.06265519698621,3,Foggy,Jam,Scooter,107.55387750901616,1
7.634230134679731,13.199803656215087,9,Rainy,Low,Scooter,51.272029068131616,1
4.763862946017842,11.359614510723395,4,Sunny,Low,Scooter,18.591566801960056,0
0.7562902019828108,16.86674279855699,8,Sunny,Low,Car,10.0,0
3.7843560258111353,16.561891052332857,6,Sunny,High,Bicycle,52.44327982665103,1
7.593989093122218,20.96367582708207,7,Sunny,Jam,Scooter,84.42036781067942,1
4.954263875402236,8.710659220455561,8,Sunny,Medium,Bicycle,38.65116976330762,0
3.0013955354101785,18.65690126287496,6,Sunny,Low,Bicycle,46.0578372095418,1
3.990450157543565,17.952110306257318,4,Sunny,Jam,Car,54.54736556403506,1
6.681240053009106,14.28926731529727,4,,Jam,Car,72.60004177497942,1
6.093467136402759,16.69343658960845,9,Foggy,Medium,Scooter,50.229304400382496,1
4.522135801660611,20.147287407991787,5,Rainy,Low,Scooter,35.110224895245246,0
4.266351176370625,19.361576900142254,4,Rainy,High,Car,49.59587662244688,1
4.216483701912356,9.284903439631357,8,Rainy,Jam,Car,46.778100943499055,1
3.155179631002995,19.10079093377742,2,Foggy,Medium,Bicycle,55.043840533195635,1
8.230751378938884,14.676556974837407,2,Rainy,High,Bicycle,119.47706675362882,1
4.35535906157732,,6,Snowy,Jam,Scooter,93.68790719866873,1
7.434317041650993,15.365984955008473,6,Foggy,Low,Scooter,40.73011284189056,0
8.042632103844902,14.2487850560087,5,Foggy,Jam,Car,75.29311645479567,1
6.996621796295921,20.958537485535324,2,Sunny,High,Scooter,61.2746562582644,1
4.136759374563903,14.58141020075394,6,,High,Bicycle,54.94443708744268,1
5.807460180673219,9.402269358084157,4,Sunny,Low,Car,22.914344103060778,0
4.951608787218167,13.032350720151356,6,Sunny,Low,Bicycle,32.21874321919466,0
3.1925962785397437,15.893473584052378,1,Sunny,Medium,Car,27.9901851081801,0
5.6487185634432056,21.146073921485254,5,Sunny,Low,Car,40.580778251246215,0
2.641920417680395,18.01547342474417,7,Sunny,Medium,Bicycle,33.18350965381087,0
7.375358776923127,,0,Sunny,High,Scooter,43.46686275584968,0
4.070765405403214,27.425949583394456,3,Rainy,High,Scooter,73.56929258979171,1
5.4023193117456785,16.3238765548899,0,Sunny,Jam,Scooter,67.7711330826334,1
5.566575743092284,21.376953689995073,0,Rainy,Jam,Scooter,103.45128086893224,1
4.482190052591846,14.241427832113855,9,Rainy,Medium,Bicycle,64.33958775884534,1
6.17338760295055,17.666796223527246,7,Sunny,Low,Car,19.88601483551846,0
4.050192686754951,19.197342522592024,6,Foggy,Low,Bicycle,50.05452791616088,1
6.742594594914488,21.09097355877128,9,Sunny,Jam,Scooter,73.63593014643908,1
2.308040639506503,20.286841526891124,0,Sunny,High,Scooter,40.490450746366825,0
5.2527591590928235,19.360985000364888,1,Sunny,Medium,Bicycle,62.80607288855216,1
8.87785799811657,13.424566344029458,3,Sunny,High,Car,44.530609679307624,0
2.9993373507888506,12.141269790219694,0,Sunny,High,Bicycle,45.36561237039024,1
3.644510058950297,16.663037551620988,2,Sunny,Low,Bicycle,43.29744432068634,0
6.02781569931783,19.665640361705346,7,Sunny,Medium,Bicycle,61.30670325443815,1
5.359163563879196,13.886396496116966,7,,High,Car,35.05116441088588,0
5.701260198547119,20.325859828571932,7,Sunny,Jam,Bicycle,117.27337037054306,1
5.978374260295327,22.263083727430896,5,Rainy,Jam,Bicycle,164.22315295003173,1
6.269442937123539,10.418395404632902,5,Sunny,Low,Scooter,15.919918752876724,0
7.219399683912446,10.8153964810186,4,Sunny,Jam,Bicycle,95.9902744582602,1
5.819637313857025,14.298124705473318,8,Sunny,Jam,Scooter,74.09923715013207,1
4.517484690762915,16.538063340945982,3,Sunny,High,Scooter,46.030010459014974,1
6.345147402405463,12.377164931164746,9,Sunny,Jam,Scooter,58.417664571498044,1
8.799763869790432,21.76101339433572,6,Snowy,Jam,Car,130.70664610203477,1
4.7347325072348525,17.120334307592255,0,Sunny,High,Scooter,48.07726177625355,1
3.050941390658717,15.197235241203698,8,Rainy,Low,Bicycle,47.02830158325739,1
7.214161338573946,7.820452380657362,6,Snowy,Low,Bicycle,62.24008441689298,1
4.759237672092803,8.420920917862464,9,Sunny,Medium,Scooter,23.75591252304363,0
0.6546609079719277,16.405046251409033,8,Sunny,Jam,Scooter,34.87121140086063,0
6.694843354300843,5.0,6,Foggy,High,Bicycle,69.05602499820677,1
3.9293436280921545,20.063187048220357,1,Snowy,Medium,Scooter,54.673588868047176,1
4.818933435391679,14.209230778138398,5,Sunny,Low,Car,20.431611915241437,0
5.663960661138029,31.215464847973667,9,Rainy,Low,Scooter,48.532138743133615,1
5.380999359558133,26.539581253080552,3,Snowy,High,Car,81.07575179762568,1
6.418903634278079,14.092754653762416,2,Sunny,Medium,Car,38.98221245325486,0
4.129027258860313,14.468314987343426,1,Snowy,Medium,Car,44.355070754056875,0
6.026211596352166,19.97790757001015,5,Sunny,High,Scooter,49.60105402657115,1
4.4809066448321655,23.515863049590187,7,Sunny,High,Car,35.76601716337342,0
6.477620961775006,6.8098547128199165,5,Foggy,Medium,Car,30.04266806493144,0
6.230734968026107,6.068122673226567,8,Snowy,Low,Scooter,37.75938062917722,0
3.1291225959108093,11.889825972228092,4,Sunny,Jam,Car,33.05336935848144,0
7.1719642323500645,17.91368791586932,1,Sunny,Low,Scooter,31.704968092190523,0
3.928073109771904,17.484367952537987,7,Rainy,High,Bicycle,79.163081937899,1
6.61611559656229,20.34885727491925,8,Rainy,Medium,Car,52.81351605947012,1
5.734574626802681,9.001512358173459,9,Rainy,Medium,Scooter,42.5923549648156,0
8.676367353590244,5.0,3,Foggy,Jam,Bicycle,108.92129227815269,1
4.553068035256295,19.290070976510727,5,Snowy,Medium,Car,54.966113793089654,1
4.301366407763605,10.859018635173827,9,Sunny,Jam,Car,42.043298171643194,0
4.961160788224535,5.0,7,Sunny,Low,Scooter,10.50015657774617,0
4.3936404343314495,15.725318729796909,8,Sunny,Low,Bicycle,45.612900640532644,1
6.5998838038841,18.965878441093388,4,Rainy,Medium,Scooter,59.949790405668985,1
1.7673787831268242,14.389714339393613,5,Rainy,Medium,Car,18.49955735682797,0
2.892635161707292,12.710758069087554,3,Sunny,High,Car,35.537192591245116,0
2.864394156841614,,4,Sunny,High,Car,27.46333218927939,0
6.900615183947151,13.147086187996086,6,Sunny,Medium,Car,23.027256155713857,0
8.42122674516385,8.259764440299165,8,Sunny,Medium,Bicycle,52.810868676902736,1
4.791101562925057,11.426596615047842,9,Sunny,Low,Bicycle,29.437580747158385,0
4.662356553619979,17.606399525069072,5,Sunny,Medium,Scooter,32.003463352540464,0
5.140104326226362,16.6083927068825,5,,High,Scooter,43.31713146755115,0
7.323756605216381,15.840299029834101,7,Sunny,Low,Scooter,33.02462251405859,0
3.145293731618852,10.024257590733104,3,Sunny,Jam,Car,31.27483072005213,0
5.47673796546957,14.092484189321665,2,,High,Scooter,44.29662099871027,0
6.95039525956486,5.0,6,Snowy,High,Bicycle,87.18471893518198,1
6.002188339879691,15.89238331942695,4,Sunny,Low,Scooter,28.166766542929615,0
5.379163233197486,22.144288539067837,1,Rainy,Jam,Scooter,104.9376260755365,1
7.002092185134282,7.629339339789471,1,Rainy,High,Bicycle,77.13325900057916,1
0.5,,5,Sunny,Medium,Bicycle,25.00224521926733,0
6.3557506390618155,16.64553389355065,7,Sunny,High,Car,51.85723390860132,1
3.6918486337451526,,0,Foggy,Low,Bicycle,57.324783588871625,1
1.3387342062870862,12.758876918499253,5,Rainy,Low,Bicycle,31.178731952794195,0
6.022405199049961,11.538748353670519,1,Foggy,Low,Scooter,30.18729478910712,0
7.747317090325915,5.155384287919585,1,Rainy,High,Bicycle,80.00329788914956,1
4.725102970744616,15.517190646540532,6,Sunny,Jam,Car,57.097191909516184,1
6.905749094405878,25.21038020071872,9,Sunny,Medium,Scooter,54.355564452641836,1
8.22455651597729,16.38679230982338,0,Sunny,Low,Car,38.225928035294494,0
7.629828907168095,14.888605104081433,5,Sunny,Jam,Bicycle,101.14440274067442,1
8.279929058742786,16.61041155383493,6,Sunny,Medium,Car,37.18904535361391,0
6.484254982143785,14.94453998025699,7,Snowy,Low,Car,50.59940155486288,1
5.150867277803186,10.934928138699352,6,Sunny,Medium,Bicycle,46.551713765416785,1
1.796068376205663,19.116399578388528,5,Sunny,Medium,Bicycle,44.286265456830165,0
4.507875023740103,16.12880761555877,8,Snowy,Jam,Scooter,85.81007383006776,1
3.3135068093676168,,2,,Medium,Scooter,40.986508593320316,0
9.341885434995628,10.123169863608751,5,Sunny,Low,Scooter,37.31153412087785,0
4.648228375135327,21.517539659673794,3,Snowy,Jam,Bicycle,150.42894080374646,1
5.2464096135689715,,1,Snowy,High,Car,58.9169567882021,1
6.102970752080935,12.235395813163489,0,Sunny,High,Car,36.64211305472854,0
5.087204892744907,20.009124268409685,0,Sunny,Jam,Scooter,71.50229907345513,1
8.390102080861507,12.512145808073964,9,Sunny,High,Scooter,44.175312450845354,0
3.754701276531096,11.089982537444815,2,,Medium,Bicycle,39.872568920743085,0
5.389214910474485,11.201484412598564,3,Sunny,Low,Car,17.61203741508202,0
3.5150588286039035,6.144657234559544,1,Foggy,Medium,Scooter,19.23423320339513,0
2.3599549775585884,17.35771190209103,0,Rainy,Jam,Bicycle,101.80449204391655,1
3.7764618181894294,5.84427560830825,3,Rainy,Low,Scooter,21.012229780842812,0
4.9259264059031755,8.857780843671186,6,Foggy,Jam,Bicycle,77.56898932879282,1
4.1413955509654805,5.0,9,Snowy,Jam,Car,42.434020127451376,0
3.615158040252288,14.569651536045535,5,,Jam,Bicycle,66.39728545037573,1
2.1873650726563323,14.24839769864064,5,Sunny,Medium,Scooter,24.384243138931,0
4.83378885474261,13.36651893406818,8,Rainy,Low,Scooter,37.76484208036449,0
1.9905592519379955,9.787111526647118,1,Sunny,Low,Car,16.67637824367376,0
6.520111927379205,9.1388312328168,3,Sunny,Low,Car,34.54383849534973,0
5.164879505869006,17.32184931773287,4,Rainy,Medium,Scooter,39.50176571681915,0
2.084897001070139,12.247240341457562,0,Foggy,High,Scooter,33.9383218208013,0
4.381581845900273,16.581791607680724,7,Sunny,Medium,Scooter,25.454340925335252,0
3.4956871888188337,10.573756569378887,7,Rainy,Medium,Car,24.546183980116,0
5.638349020838361,15.905313713855412,5,Sunny,Jam,Scooter,63.14844139480225,1
7.680900892046289,21.516390186580317,4,Rainy,Low,Car,60.37482964982332,1
1.2496550607085108,17.930829001963918,7,,Low,Scooter,17.880908632127788,0
5.230052158294835,12.937930908917599,2,Snowy,High,Bicycle,95.22764381890885,1
4.679734408866719,16.285994851779638,2,Sunny,High,Bicycle,72.25749120980498,1
6.342680152900932,13.796674127348934,1,Rainy,Jam,Scooter,84.5801492260966,1
5.426393256475379,15.039400923473641,4,,Low,Bicycle,54.13360641562282,1
3.496061336522362,13.371944739257483,2,Sunny,High,Car,33.84379239503095,0
4.361892128666764,14.178323970573045,2,Sunny,High,Bicycle,64.48651620139007,1
3.407948286393022,16.060466765370876,5,,Low,Bicycle,27.588647754631133,0
7.152014277197196,10.033206502090247,7,Sunny,Medium,Car,39.67871139055079,0
5.0426232973438845,9.920605865050108,1,Sunny,High,Bicycle,52.57677585192365,1
8.802381371506016,8.057287230843944,3,Rainy,Low,Bicycle,65.65699028591416,1
4.878678372370758,,6,Rainy,High,Scooter,35.92410568378103,0
3.5831864661790744,8.913586538897604,0,Sunny,Jam,Car,29.485880296745933,0
1.9725712147743457,15.797312534020646,0,,High,Car,31.252143086166065,0
1.3937206474881099,10.53606242254058,9,Sunny,Low,Scooter,10.733432658500337,0
1.8317281139890205,17.56807232115548,6,Sunny,High,Scooter,21.745401027480817,0
5.534253302022967,15.173568743762809,6,Sunny,Jam,Bicycle,91.11497451293538,1
6.017450046459867,5.157478932809731,0,Sunny,Jam,Bicycle,74.91833045307918,1
1.8376185959357332,18.274877921108448,0,Sunny,High,Bicycle,56.68211203377112,1
6.790076628152231,19.05399322795855,3,Foggy,High,Scooter,71.62577854062773,1
4.033877896633121,10.030686625825734,4,Sunny,Jam,Car,32.475961044718375,0
5.293586023971098,17.10095771447496,4,,Jam,Bicycle,89.0146713975702,1
8.224441256510849,10.717508812954005,3,Sunny,Medium,Scooter,46.177969694091836,1
6.793678631731064,15.488351883741677,7,Snowy,Medium,Car,51.07231116213198,1
4.4629387041883355,8.677507965225171,6,Rainy,Jam,Scooter,53.95705039743505,1
3.217615549169425,6.034467737327116,8,Rainy,High,Bicycle,40.89742173203173,0
0.6963691973413901,13.085914051935157,6,Foggy,Low,Scooter,18.57199082215557,0
3.56169336151516,14.38135526862582,9,Foggy,High,Scooter,49.83616386633813,1
4.577739522344611,13.01160153192698,0,Rainy,High,Scooter,59.46426995009073,1
3.0256409456976323,9.079847208887202,6,Sunny,Medium,Scooter,10.0,0
4.737486065815391,13.000504689344314,0,Snowy,Medium,Car,41.56263835623094,0
5.153703765917537,16.34647376290367,6,Sunny,Medium,Bicycle,47.5199355165886,1
4.550288036383843,14.775534849387315,9,Rainy,Jam,Car,65.23174510503779,1
3.6999948383530805,15.912505152996067,7,Rainy,Jam,Scooter,66.75239054506423,1
5.337309343933455,11.649423997728835,8,Rainy,High,Scooter,52.970395815258755,1
5.883881299138818,20.858589573580797,2,Sunny,High,Bicycle,83.67740295695485,1
2.819201845114308,9.119133317226098,3,Rainy,Low,Bicycle,27.577782732854693,0
7.82186475949254,17.437801485433592,3,Foggy,High,Car,58.949575231035546,1
4.802823735431477,20.90945546479981,8,Sunny,High,Car,34.95459986955575,0
5.037699245889695,17.40454046374448,6,Sunny,Medium,Bicycle,49.21357841503656,1
6.4164288465131145,13.98737886467585,2,Rainy,Medium,Car,37.25582898936397,0
5.466432262527003,12.358514766685104,9,Foggy,Medium,Scooter,31.732735249077642,0
6.90627326782649,20.18043825523128,4,Sunny,Medium,Scooter,41.61771885029698,0
5.574248330403648,7.8851253736916345,6,Sunny,Medium,Bicycle,43.26463218196574,0
3.775125250719124,10.149378698101781,7,Sunny,Low,Car,17.17209213950305,0
5.723007050412203,13.012211172541393,0,Sunny,Low,Scooter,32.14625335806893,0
2.7125475853586765,21.18826878755999,1,Foggy,Low,Bicycle,58.16161758980274,1
5.217119411553046,16.89883818020448,6,Rainy,Medium,Car,41.293220181444205,0
4.933540018711079,10.159771207448774,1,Rainy,Jam,Scooter,60.49294429989867,1
4.583766285454921,13.448461473075481,6,Sunny,Medium,Car,36.77996478753992,0
4.742924977122138,11.928384279518529,8,Rainy,Medium,Car,36.436777681221834,0
1.2363019090047218,11.451055038832324,1,Sunny,Low,Car,13.602364439967703,0
3.902550184518077,19.894447792783897,6,Sunny,Medium,Bicycle,54.29814929337029,1
5.185689802282229,8.141284353682472,3,Sunny,Low,Scooter,23.64662136503066,0
5.319712783994801,23.043904278671867,1,Sunny,Medium,Bicycle,68.6949703334102,1
2.9446497181480837,19.141148450923115,6,Sunny,High,Scooter,39.60376911557016,0
7.531415681729401,20.45430835301849,4,Sunny,Jam,Scooter,86.59400909949237,1
3.2676503035709983,12.685302439873709,0,Sunny,Jam,Bicycle,63.83207898193238,1
6.938914401053474,14.250296404604454,4,Sunny,Low,Bicycle,42.429980152462136,0
5.854388723743369,7.83424092737644,2,Rainy,High,Scooter,38.146730002834694,0
3.7075453803123937,12.376687964665985,6,Sunny,Jam,Scooter,48.438142305874905,1
8.550621785219024,17.468274238215756,5,Foggy,Low,Scooter,41.32954669906013,0
2.61272633648704,21.48031530890698,7,Sunny,Medium,Car,29.787049969986104,0
6.8383083472200035,9.464215915987742,4,Rainy,Medium,Scooter,38.995680418689815,0
7.0011646360859565,,1,Snowy,High,Bicycle,109.1526495234443,1
3.6587595818467102,14.243503898837389,8,Foggy,Jam,Bicycle,83.20022371723026,1
7.784930600128657,,7,Snowy,Medium,Bicycle,82.18544439147179,1
4.499906970802094,17.956746208792,5,Sunny,Low,Scooter,22.51350857931032,0
5.577387258559714,11.380048341286955,9,Sunny,Medium,Scooter,26.14998978888872,0
5.5206436775424415,14.02304824411488,6,Sunny,Medium,Car,29.16914275533699,0
4.731382517058904,12.740253140440611,8,Sunny,Jam,Car,37.35323626301181,0
6.621616546319564,11.053307471401627,6,Sunny,Jam,Bicycle,96.89564240345442,1
6.586977441104426,,2,Snowy,Low,Car,36.225245049632875,0
1.5029360535236385,13.921952107159889,5,Sunny,High,Car,20.737757641150516,0
7.608680485756305,13.140710588606673,6,Rainy,High,Bicycle,108.5654528971136,1
1.6750160239286513,11.357691891598286,1,Foggy,Medium,Scooter,16.468812727820243,0
7.065092408683315,16.597623353914777,2,,Low,Car,41.68694901104107,0
7.253410273655167,23.268086342461423,3,Rainy,High,Scooter,86.96951188201874,1
2.8180671395696035,15.699436164195637,9,,High,Bicycle,62.11553766998291,1
4.17837142409083,19.980591074555644,5,Sunny,Medium,Bicycle,55.64085575263121,1
2.7885906630281285,8.048890374232688,0,Sunny,Low,Car,17.252125184018784,0
4.570157939422529,15.788807196468847,8,Foggy,High,Bicycle,73.31235524819893,1
4.383931431628517,9.513158405144667,4,Foggy,Jam,Bicycle,83.41547779076072,1
6.55932106453868,7.615375362340493,6,Snowy,Jam,Bicycle,121.78367820371435,1
7.620617492239217,11.303142962704818,8,Sunny,Medium,Car,29.163734178262967,0
7.791367621579912,20.959496672067864,8,Snowy,Medium,Car,71.86169350191598,1
3.875663946843396,19.750079143348227,0,Sunny,Medium,Car,29.42950139056,0
4.581556252510945,16.215023610272,0,Sunny,Medium,Bicycle,58.206912789074764,1
1.6331236155580995,7.336497200550346,2,Sunny,High,Scooter,13.738723579406628,0
3.3882598670076227,14.018596743060316,5,Sunny,Low,Bicycle,32.1946977219161,0
6.929703266194915,16.50850004450868,1,Sunny,Medium,Car,38.07305454542094,0
8.231165647096464,15.87768114789299,9,Sunny,Medium,Scooter,45.878329161450665,1
2.531302256240156,5.781032082596271,0,Sunny,High,Scooter,10.0,0
3.8150714816942113,10.54841075990064,0,Sunny,Medium,Car,25.515345973911618,0
4.947188486082146,14.679611179256417,4,Rainy,Medium,Scooter,43.54063943879241,0
5.560322317639214,17.68145454758595,3,Rainy,Low,Scooter,44.59984875703763,0
3.3807929601567075,5.0,0,,Jam,Car,29.163028447737933,0
5.8481220889281795,14.189380122600708,3,Sunny,Medium,Scooter,38.54953985721861,0
4.052321305858168,15.715243849394762,2,Rainy,High,Scooter,43.31400088429481,0
4.9710954582434415,19.248059942581065,1,Sunny,Low,Car,24.256931765293917,0
6.092568496007399,18.464287921187182,8,Sunny,High,Scooter,52.77706978544438,1
5.0128445396218755,17.912856594044026,0,Rainy,Low,Scooter,43.83528825990954,0
4.127228218946863,11.000297466490329,6,Foggy,Low,Scooter,21.110610120415497,0
4.780780392148339,5.459989314383462,3,Sunny,Medium,Scooter,25.95099258929358,0
4.82327408158933,13.034736214692995,4,Sunny,Medium,Car,25.7626878875479,0
4.2599779402357445,20.0081591260428,9,Sunny,Medium,Bicycle,58.94719907355933,1
4.482407874665795,,4,Sunny,Jam,Bicycle,110.29359534208736,1
8.197294341009433,18.552745511488926,0,Sunny,Jam,Scooter,87.68076732685033,1
6.121838895882478,17.14670411400867,5,Sunny,High,Car,47.15389386734885,1
4.409039363941679,16.898198241929826,8,Sunny,Medium,Car,24.770033641283835,0
6.393908809021472,12.219406266196097,1,Foggy,Jam,Scooter,79.32376782787516,1
4.33236102048798,14.3496985322319,6,Rainy,Medium,Bicycle,62.08209077765328,1
7.346249275173283,23.345347629131656,5,Rainy,Jam,Scooter,114.025092987873,1
5.739284384396187,10.287209971040618,4,Snowy,Jam,Car,64.51927498187678,1
4.7853957119915425,,3,Sunny,Low,Car,29.011264513260524,0
5.895433851620555,13.389859227539707,3,Snowy,Medium,Bicycle,76.85825638828499,1
1.8582476958630014,21.62716054547539,5,Sunny,Medium,Car,30.03265893121281,0
2.7464650621803894,7.965924952512308,3,Sunny,Jam,Car,33.12351299267845,0
2.612149987201889,17.929521005823247,4,Snowy,Medium,Car,43.394644007056755,0
5.285886189527414,11.31614932026189,5,Snowy,Jam,Bicycle,132.21223673118695,1
8.465029998970184,7.923664040379062,4,Snowy,Medium,Car,48.47487178758188,1
9.462600292385265,16.092670212054728,6,Sunny,Low,Scooter,44.46333281362828,0
6.276102202881514,20.047358942979844,8,Foggy,Medium,Bicycle,74.06466276859443,1
6.001688949888914,10.775292807032518,9,Foggy,Low,Scooter,29.050178386277608,0
1.397884531694522,7.504920197707994,6,Sunny,High,Scooter,10.0,0
3.9146524005319563,14.540776178325224,6,Sunny,Medium,Bicycle,47.15349167038192,1
3.424432496183522,14.562823356114095,3,Sunny,Medium,Scooter,26.525886699026586,0
3.7583048034977677,17.741598137772492,0,Foggy,Medium,Bicycle,52.40275697994453,1
4.663712362830421,19.747972856822443,7,Sunny,Low,Scooter,26.814017730638387,0
4.055818844605746,14.70292409363753,3,Sunny,Medium,Bicycle,55.83225676745606,1
1.0414003792484245,,0,Sunny,Medium,Car,30.988363339827234,0
6.495820512235068,16.12117372267646,4,Sunny,Jam,Car,64.5166613712905,1
2.854513948520387,13.267867469965502,7,Rainy,High,Scooter,39.69897456177581,0
5.478493728222299,6.94216320448586,3,Sunny,Low,Car,18.164532454478266,0
9.148165339499947,13.686702398419161,7,Foggy,Jam,Bicycle,144.65020936995617,1
3.1612308168271532,13.318065272944319,7,Rainy,Low,Scooter,27.369448661572438,0
0.5,19.80152398140735,2,,Jam,Car,42.254624641454946,0
4.427991556239778,17.31241812033427,8,Sunny,High,Car,40.202548560243535,0
7.201919269997142,9.103154391836913,2,Sunny,Jam,Scooter,66.02696186359408,1
8.916694908441187,15.861271932055187,0,Sunny,Low,Car,36.515046873771645,0
2.5409008110951663,18.357655858645266,1,Sunny,Medium,Car,24.320056208195957,0
5.993398446473043,22.640156796939163,5,Sunny,Medium,Scooter,42.53487756540593,0
4.069379086439893,19.437519837070298,9,Foggy,High,Car,54.42280385849387,1
4.788103291391729,18.80423327155739,1,Sunny,Low,Car,26.42696377227689,0
10.28868669403407,15.300429973075818,5,Sunny,Low,Car,41.39308281962937,0
1.9940593432096936,16.941560027117248,0,Sunny,Low,Car,19.225021012523495,0
5.5074793229891466,21.247524503530794,0,Sunny,High,Scooter,55.4367934301577,1
5.935386343530866,8.336113012601752,4,Foggy,Medium,Bicycle,50.64355911227118,1
7.171572649878694,13.25280336391522,9,Sunny,Jam,Bicycle,94.95106646018382,1
5.1959663069417905,11.137156256218796,8,Sunny,High,Car,34.97667663493106,0
5.616101079008205,16.89576559363062,7,Rainy,Jam,Car,68.74181708438884,1
4.216702865156417,21.151110878253938,2,Sunny,Medium,Bicycle,62.154791250662136,1
5.538253882490214,12.01512856639463,2,Sunny,High,Car,37.244374699709645,0
4.313615449005179,5.0,0,Sunny,Medium,Bicycle,36.05671609702415,0
6.243143779712102,12.93889627487765,2,Sunny,Jam,Scooter,59.286885675075126,1
4.260779327912732,19.567368660087034,0,Sunny,Low,Scooter,37.750427476425706,0
5.754200787804373,17.688149514749398,7,Sunny,Low,Scooter,30.744798967710835,0
4.941474372630044,17.140931239052883,0,Snowy,Jam,Scooter,108.85453667737686,1
7.252100501544336,13.6000334906276,4,Sunny,Low,Scooter,25.28545332043641,0
4.897212552823028,8.604846318901068,8,,Jam,Scooter,68.71553203154691,1
1.4539350635862371,17.576471608122336,6,Rainy,High,Bicycle,60.537629646446376,1
7.523843001427983,10.828590949826875,3,Sunny,High,Car,43.70216884802059,0
3.1885353982747624,25.920483666902282,8,Sunny,High,Bicycle,72.82225503083903,1
3.6924673227023606,17.85253604177258,8,Sunny,Low,Scooter,17.085531544762723,0
3.808677411913016,12.096758487230245,1,Rainy,Medium,Car,29.150103244390365,0
7.748876186341635,11.943073763056859,9,Rainy,Low,Car,33.928584532099265,0
0.728651572042609,14.535278966932058,9,Rainy,Low,Scooter,18.15161235163156,0
11.275497067319987,13.80249038989125,5,Sunny,Medium,Scooter,60.26046963527321,1
7.112113618132104,20.584168877649773,3,Foggy,Medium,Scooter,59.819187647181934,1
5.4464778282583195,15.932080848720231,7,Sunny,Medium,Scooter,36.26652601660743,0
4.890211998767427,11.34184130545736,6,Sunny,Medium,Scooter,30.136811344695595,0
5.571108149715314,24.45220342577891,6,Sunny,Low,Scooter,29.390876909343604,0
6.042244856758677,15.246541657601114,9,Sunny,Jam,Car,45.924343650383314,1
6.290431171900114,18.844198379844485,8,Sunny,High,Scooter,45.088292898995746,1
6.111208932006897,11.958867462776205,4,Rainy,Jam,Scooter,74.89411578289516,1
5.179161362510498,16.815578138722618,5,Snowy,Low,Car,30.847466540035228,0
4.605323159385348,16.555549955715975,0,Snowy,Medium,Bicycle,78.55416474780891,1
4.697453432692977,5.551753539519236,5,Sunny,High,Scooter,20.12492453149217,0
4.610183439294638,25.0763755523032,1,Rainy,High,Car,68.70286192423451,1
7.2675401937341295,21.453222304612737,5,Sunny,Jam,Car,75.81856162357589,1
6.1871134445617235,13.014023419270062,8,Sunny,Low,Bicycle,41.85982543075302,0
0.5,9.488651297720722,7,,Low,Scooter,10.0,0
6.311801553059522,16.73780806901776,8,Sunny,Low,Scooter,30.48749318101545,0
5.389472389437549,15.433488497071982,9,Sunny,High,Scooter,44.545989074957454,0
4.962582487108206,16.778344742816145,7,Sunny,Jam,Car,56.28595561548282,1
4.222963093822228,15.957886980970448,2,Sunny,High,Scooter,50.70718753022055,1
7.2482254399720265,17.53120494652963,7,Foggy,High,Scooter,72.78907718171068,1
6.895052924245716,22.236528496959032,5,,Medium,Scooter,49.829907368975064,1
3.4542446643527818,17.840516025643232,5,Foggy,Jam,Scooter,63.76159334334691,1
5.81410457424907,9.751722505450294,5,Rainy,Medium,Bicycle,57.41937429252576,1
3.0566865309174283,21.81281426356226,2,Sunny,Low,Bicycle,52.25262026392146,1
2.240763670422139,23.203072817441438,9,Rainy,High,Bicycle,83.86464209746602,1
3.74656555082007,30.760283672560426,0,Sunny,Jam,Scooter,87.15268169345853,1
6.724786944765517,9.38252983380201,3,Snowy,Low,Scooter,39.88423731250106,0
6.906250090752174,16.214410065751373,9,Sunny,Jam,Car,54.297816867344864,1
6.026170840194586,5.0,5,Foggy,High,Car,32.054675241241036,0
6.450191573695994,17.765745781896044,9,Rainy,Jam,Car,78.90749998179932,1
6.032356574229917,12.258998509166137,1,Snowy,Low,Scooter,45.99296451600453,1
3.7170368095540955,24.617228974124764,6,Rainy,Medium,Bicycle,77.01074475760183,1
5.8638450893478815,11.126925149907091,6,Sunny,High,Bicycle,61.74138525729898,1
6.600819050455365,6.554084810163692,3,Sunny,Medium,Bicycle,51.8303073025287,1
6.508582659627148,12.6436812964874,3,Sunny,High,Scooter,38.389335865367585,0
7.377826742949286,5.122561143914313,0,Sunny,Low,Bicycle,30.299549099361514,0
6.416607694402128,18.75549727253655,1,Sunny,High,Car,55.89659211267297,1
5.702896415083166,5.0,8,Snowy,Medium,Car,23.70203147431377,0
7.140300476632855,15.142287905915794,9,Sunny,High,Bicycle,75.86681617112004,1
4.9469574815018795,5.0,7,Foggy,Low,Car,20.494359707930393,0
3.2362506975445644,13.398510977316791,7,Snowy,High,Bicycle,74.19088201772902,1
4.673866072112472,23.21689077902267,8,Sunny,Medium,Bicycle,62.662840796630285,1
3.510194710387102,16.803239457178975,6,Foggy,Low,Car,26.226500948378828,0
